state,district,week_start,week_end,crop_condition,hi_crop_condition,advisory,hi_advisory
Punjab,Firozpur,6/16/2025,6/22/2025,"Crop-specific condition is not specifically mentioned in the latest advisory for Firozpur. Farmers are advised to continue regular field monitoring, manage weeds, and follow local agricultural guidelines as per the crop stage and prevailing weather conditions.","फिरोज़पुर के लिए नवीनतम सलाह में फसल की स्थिति का विशेष रूप से उल्लेख नहीं किया गया है। किसान नियमित रूप से खेत की निगरानी करें, खरपतवार प्रबंधन करें और फसल की अवस्था एवं मौजूदा मौसम के अनुसार स्थानीय कृषि विभाग की सिफारिशों का पालन करें।","Crop-specific conditions are not mentioned in the latest advisory for Firozpur. Farmers should continue with standard crop care practices such as timely irrigation, keeping fields weed-free, and monitoring regularly for early signs of pests or diseases. Follow agronomic recommendations suited to the crop's current growth stage and the prevailing weather conditions.","फिरोज़पुर के लिए ताज़ा सलाह में किसी विशेष फसल की स्थिति का उल्लेख नहीं किया गया है। किसान नियमित फसल देखभाल कार्य जारी रखें—समय पर सिंचाई करें, खेत को खरपतवार-मुक्त रखें, और कीट या रोगों के प्रारंभिक लक्षणों की नियमित निगरानी करें। फसल की वर्तमान वृद्धि अवस्था और मौसमी स्थिति के अनुसार कृषि तकनीकों का पालन करें।"
Punjab,Faridkot,6/16/2025,6/22/2025,The cotton crop in Faridkot is around 40–45 days old and at the 8–10 leaf stage. Irrigation and weeding operations have been completed. Thrips infestation has been observed above the Economic Threshold Level (ETL) in isolated areas. Farmers are advised to monitor fields closely and take targeted pest control measures where required.,फरीदकोट में कपास की फसल लगभग 40–45 दिन पुरानी है और 8–10 पत्तियों के चरण में है। सिंचाई और निराई का कार्य पूरा हो चुका है। कुछ स्थानों पर थ्रिप्स का प्रकोप आर्थिक क्षति स्तर (ETL) से अधिक देखा गया है। किसान अपने खेतों की नियमित निगरानी करें और जहां आवश्यक हो वहां कीट नियंत्रण के उपाय करें।,"Give the first irrigation 4 to 6 weeks after sowing. Apply 90 kg urea per acre in 2 to 3 equal splits after irrigation; avoid broadcasting nitrogen before watering. For Pink Bollworm (PBW), use sticky or delta traps (1 per hectare) with gossyplure and change lures every 15 days. Remove weeds like Itsit and Tandla from the field. Light irrigation helps manage thrips. For root rot, drench with Carbendazim (2g/litre) or Trichoderma spp. (10g/litre). Keep surrounding areas weed-free, especially Kanghi buti and Peeli buti.",बुवाई के 4 से 6 हफ्ते बाद पहली सिंचाई करें। 90 किलोग्राम यूरिया प्रति एकड़ सिंचाई के बाद 2 से 3 बराबर हिस्सों में दें; सिंचाई से पहले नाइट्रोजन का छिड़काव न करें। गुलाबी सुंडी (PBW) के लिए गॉसिप्ल्योर युक्त स्टिकी या डेल्टा ट्रैप (1 प्रति हेक्टेयर) लगाएं और ल्योर हर 15 दिन में बदलें। खेत से इटसिट और टंडला जैसे खरपतवार हटाएं। थ्रिप्स नियंत्रण के लिए हल्की सिंचाई करें। जड़ सड़न की स्थिति में कार्बेन्डाजिम (2 ग्राम/लीटर) या ट्राइकोडर्मा (10 ग्राम/लीटर) से सिंचाई करें। खेत के चारों ओर कंघी बूटी और पीली बूटी जैसे खरपतवार न होने दें।
Punjab,Muktsar,6/16/2025,6/22/2025,"Crop-specific condition is not specifically mentioned in the latest advisory for Muktsar. Farmers are advised to continue monitoring crop health, carry out regular weeding, and follow standard agronomic practices suitable for the current crop stage and weather conditions.","मुक्तसर के लिए नवीनतम सलाह में फसल की स्थिति का विशेष रूप से उल्लेख नहीं किया गया है। किसान फसल की स्थिति की निगरानी जारी रखें, नियमित रूप से निराई करें, और मौजूदा फसल चरण व मौसम के अनुसार सामान्य कृषि विधियों का पालन करें।","Crop-specific conditions are not mentioned in the latest advisory for Muktsar. Farmers are advised to continue with regular crop care—ensure timely irrigation, maintain weed-free fields, and monitor for early signs of pests or diseases. Follow agronomic practices suitable to the current crop stage and local weather conditions.","मुक्तसर के लिए ताज़ा सलाह में किसी विशेष फसल की स्थिति का उल्लेख नहीं किया गया है। किसानों को नियमित फसल देखभाल कार्य जारी रखने की सलाह दी जाती है—समय पर सिंचाई करें, खेत को खरपतवार-मुक्त रखें, और कीट या रोगों के प्रारंभिक लक्षणों की निगरानी करें। फसल की वर्तमान अवस्था और स्थानीय मौसम के अनुसार कृषि तकनीकों का पालन करें।"
Punjab,Bhatinda,6/16/2025,6/22/2025,"The cotton crop in Bhatinda is currently 0–40 days old and in the vegetative stage. Thinning, weeding, irrigation, and nitrogen application are underway. Sucking pests have been observed in the fields. Farmers are advised to monitor pest populations regularly and apply appropriate control measures if infestation crosses the threshold level.","भटिंडा में कपास की फसल इस समय 0–40 दिन पुरानी है और वनस्पतिक चरण में है। छंटाई, निराई, सिंचाई और नाइट्रोजन का प्रयोग जारी है। खेतों में चूसक कीटों की उपस्थिति देखी गई है। किसान कीटों की संख्या की नियमित निगरानी करें और यदि प्रकोप सीमा से अधिक हो तो उचित नियंत्रण उपाय अपनाएं।","Farmers in Bathinda are advised to remove weeds from the field. Provide irrigation and apply the first nitrogen split one month after sowing. To control weeds, spray Pyrithiobac + Quizalofop at 500 ml per acre using 150 litres of water after irrigation. If whitefly adults are observed at a rate of 4 to 6 per leaf, spray neem-based Nimbecidine at 1 litre per acre. Use pheromone traps to monitor Pink Bollworm (PBW) and change lures every 15 days. Remove and destroy rosette flowers. Regularly monitor the crop for jassid and thrips infestation.","भटिंडा में किसानों को खेत से खरपतवार हटाने की सलाह दी जाती है। बुवाई के एक महीने बाद सिंचाई करें और पहली नाइट्रोजन खुराक दें। खरपतवार नियंत्रण के लिए सिंचाई के बाद 150 लीटर पानी में 500 मिली प्रति एकड़ की दर से पायरीथियॉबैक + क्विज़ालोफॉप का छिड़काव करें। यदि सफेद मक्खी की संख्या प्रति पत्ते 4 से 6 वयस्क हो, तो नीम आधारित निंबेसिडीन @1 लीटर प्रति एकड़ छिड़कें। गुलाबी सुंडी (PBW) की निगरानी के लिए फेरोमोन ट्रैप लगाएं और हर 15 दिन में ल्योर बदलें। रोज़ेट फूलों को हटाकर नष्ट करें। जेसिड और थ्रिप्स की निगरानी करते रहें।"
Punjab,Sangrur,6/16/2025,6/22/2025,"Crop-specific condition is not specifically mentioned in the latest advisory for Sangrur. Farmers are advised to continue routine crop care practices such as weeding, irrigation, and pest monitoring. Follow agronomic recommendations as per the crop stage and weather conditions.","संगरूर के लिए नवीनतम सलाह में फसल की स्थिति का विशेष रूप से उल्लेख नहीं किया गया है। किसान निराई, सिंचाई और कीटों की निगरानी जैसे नियमित फसल प्रबंधन कार्य करते रहें। फसल की अवस्था और मौसम के अनुसार कृषि वैज्ञानिकों की सलाह का पालन करें।","Crop-specific conditions are not mentioned in the latest advisory for Sangrur. Farmers should continue routine crop management practices—ensure timely irrigation, keep the fields weed-free, and regularly monitor for any early signs of pests or diseases. Follow agronomic practices suited to the crop’s current stage and prevailing weather conditions.","संगरूर के लिए ताज़ा सलाह में किसी विशेष फसल की स्थिति का उल्लेख नहीं किया गया है। किसान नियमित फसल प्रबंधन कार्य जारी रखें—समय पर सिंचाई करें, खेत को खरपतवार-मुक्त रखें, और कीट या रोगों के प्रारंभिक लक्षणों की नियमित निगरानी करें। फसल की वर्तमान अवस्था और मौजूदा मौसम के अनुसार कृषि तकनीकों का पालन करें।"
Punjab,Ludhiana,6/16/2025,6/22/2025,"Crop-specific condition is not specifically mentioned in the latest advisory for Ludhiana. Farmers are advised to continue regular crop monitoring, maintain field hygiene, manage weeds, and follow recommended practices based on the crop stage and local weather conditions.","लुधियाना के लिए नवीनतम सलाह में फसल की स्थिति का विशेष रूप से उल्लेख नहीं किया गया है। किसान फसल की नियमित निगरानी करें, खेत की स्वच्छता बनाए रखें, खरपतवारों का प्रबंधन करें और फसल की अवस्था व स्थानीय मौसम के अनुसार अनुशंसित कृषि उपायों का पालन करें।","Crop-specific conditions are not mentioned in the latest advisory for Ludhiana. Farmers are advised to continue standard crop care practices—carry out timely irrigation, maintain weed-free fields, and monitor crops regularly for early signs of pests or diseases. Follow agronomic recommendations suitable for the current crop stage and local weather conditions.","लुधियाना के लिए ताज़ा सलाह में किसी विशेष फसल की स्थिति का उल्लेख नहीं किया गया है। किसानों को नियमित फसल देखभाल कार्य जारी रखने की सलाह दी जाती है—समय पर सिंचाई करें, खेत को खरपतवार-मुक्त रखें, और फसलों की कीट या रोगों के प्रारंभिक लक्षणों के लिए नियमित निगरानी करें। फसल की वर्तमान अवस्था और स्थानीय मौसम के अनुसार कृषि सिफारिशों का पालन करें।"
Haryana,Hisar,6/16/2025,6/22/2025,"The cotton crop in Hisar is 42–49 days old, currently at the early vegetative to flowering stage. Weeding has been completed. Sucking pests have been observed but remain below the Economic Threshold Level (ETL). However, signs of pink bollworm infestation and root rot are emerging. Farmers are advised to monitor fields closely, install pheromone traps for pink bollworm, and apply appropriate fungicides or biological treatments for root rot where necessary.","हिसार में कपास की फसल 42–49 दिन पुरानी है और प्रारंभिक वनस्पतिक से फूल आने के चरण में है। निराई का कार्य पूरा हो चुका है। चूसक कीट देखे गए हैं, लेकिन वे अभी आर्थिक क्षति स्तर (ETL) से नीचे हैं। हालांकि, गुलाबी सूंडी (पिंक बॉलवर्म) और जड़ सड़न के लक्षण दिखाई दे रहे हैं। किसान खेतों की नियमित निगरानी करें, गुलाबी सूंडी के लिए फेरोमोन ट्रैप लगाएं, और जड़ सड़न के लिए उपयुक्त फफूंदनाशी या जैविक उपचार अपनाएं।","In Hisar, farmers are advised to drain excess rainwater from the fields. For crops older than 7 weeks, apply 1 bag of urea per acre after rainfall or irrigation. Perform hoeing operations once the rain subsides. Insecticide application is not required for sucking pests at this stage. Install 2 pheromone traps per acre to monitor Pink Bollworm (PBW) and check moth catches every 3 days. Destroy old cotton stalks and infected bolls. Examine 100 flowers randomly for PBW infestation. For root rot-affected areas, drench the soil with Carbendazim at 2 grams per litre or Trichoderma spp. at 10 grams per litre of water.",हिसार में किसानों को खेतों से अतिरिक्त वर्षा जल निकालने की सलाह दी जाती है। 7 सप्ताह से अधिक पुरानी फसल में वर्षा या सिंचाई के बाद 1 बैग यूरिया प्रति एकड़ डालें। वर्षा के बाद गुड़ाई करें। इस अवस्था पर चूसक कीटों के लिए कीटनाशक की आवश्यकता नहीं है। गुलाबी सुंडी (PBW) की निगरानी के लिए प्रति एकड़ 2 फेरोमोन ट्रैप लगाएं और हर 3 दिन में पतंगों की संख्या देखें। पुराने कपास के डंठल और संक्रमित बॉल्स को नष्ट करें। गुलाबी सुंडी की जांच के लिए यादृच्छिक रूप से 100 फूलों की जाँच करें। जड़ सड़न प्रभावित क्षेत्रों में कार्बेन्डाजिम @2 ग्राम/लीटर या ट्राइकोडर्मा @10 ग्राम/लीटर से सिंचाई करें।
Haryana,Sirsa,6/16/2025,6/22/2025,"The cotton crop in Sirsa is around 55 days old and currently in the vegetative stage. Irrigation, weeding, and intercultural operations are ongoing. Jassid infestation and stress-induced flowering have been observed. Farmers are advised to monitor the crop closely, ensure proper nutrient and moisture management, and take timely pest control measures if jassid levels cross the Economic Threshold Level (ETL).","सिरसा में कपास की फसल लगभग 55 दिन पुरानी है और वनस्पतिक चरण में है। सिंचाई, निराई और अंतराशस्य क्रियाएं जारी हैं। जेसिड का प्रकोप और तनाव के कारण फूल आने के लक्षण देखे गए हैं। किसान फसल की नियमित निगरानी करें, उचित पोषक तत्व और नमी प्रबंधन सुनिश्चित करें, और यदि जेसिड की संख्या आर्थिक क्षति स्तर (ETL) से अधिक हो तो तत्काल नियंत्रण उपाय अपनाएं।","In Sirsa, for crops aged 40–50 days, farmers are advised to irrigate and apply urea after rainfall. Carry out hoeing either manually or using intercultural tools. For weed control, spray Pyrithiobac + Quizalofop at 1250 ml per hectare or use directed sprays of Paraquat or Glufosinate in 200–250 litres of water per acre. If sucking pests or bollworms exceed ETL before 60 days after sowing (DAS), spray neem oil at 1 litre per acre in 150 litres of water. Install pheromone traps to monitor Pink Bollworm (PBW) and regularly check for rosette flowers. For root rot, drench affected areas with Carbendazim @2g/L or Trichoderma spp. @10g/L.","सिरसा में 40–50 दिन पुरानी फसल के लिए वर्षा के बाद सिंचाई करें और यूरिया डालें। निराई हाथ से या यंत्रों की सहायता से करें। खरपतवार नियंत्रण के लिए 1250 मिली/हेक्टेयर की दर से पायरीथियॉबैक + क्विजालोफॉप का छिड़काव करें या पैराक्वाट/ग्लुफोसिनेट का डायरेक्टेड स्प्रे 200–250 लीटर पानी प्रति एकड़ में करें। यदि चूसक कीट या बॉलवर्म का प्रकोप 60 दिन से पहले ETL से अधिक हो, तो नीम का तेल 1 लीटर प्रति एकड़ 150 लीटर पानी में मिलाकर छिड़कें। गुलाबी सुंडी (PBW) की निगरानी के लिए फेरोमोन ट्रैप लगाएं और रोज़ेट फूलों की नियमित जांच करें। जड़ सड़न की स्थिति में कार्बेन्डाजिम @2 ग्राम/लीटर या ट्राइकोडर्मा @10 ग्राम/लीटर से सिंचाई करें।"
Haryana,Jind,6/16/2025,6/22/2025,"Crop-specific condition is not specifically mentioned in the latest advisory for Jind. Farmers are advised to continue routine crop care, including regular irrigation, weed management, and pest monitoring, and follow agronomic practices suitable for the current crop stage and local conditions.","जींद के लिए नवीनतम सलाह में फसल की स्थिति का विशेष रूप से उल्लेख नहीं किया गया है। किसान नियमित सिंचाई, खरपतवार नियंत्रण और कीट निगरानी जैसे सामान्य फसल प्रबंधन कार्य करते रहें, और फसल की अवस्था व स्थानीय परिस्थितियों के अनुसार कृषि सिफारिशों का पालन करें।","Crop-specific conditions are not mentioned in the latest advisory for Jind. Farmers are advised to continue regular crop care—ensure timely irrigation, keep fields free from weeds, and monitor for early signs of pests or diseases. Adopt agronomic practices suitable for the crop’s current stage and local weather conditions.","जींद के लिए ताज़ा सलाह में किसी विशेष फसल की स्थिति का उल्लेख नहीं किया गया है। किसानों को नियमित फसल देखभाल कार्य करते रहने की सलाह दी जाती है—समय पर सिंचाई करें, खेत को खरपतवार-मुक्त रखें, और कीट या रोगों के प्रारंभिक लक्षणों की निगरानी करें। फसल की वर्तमान अवस्था और स्थानीय मौसम के अनुसार कृषि तकनीकों का पालन करें।"
Haryana,Rohtak,6/16/2025,6/22/2025,"Crop-specific conditions are not mentioned in the latest advisory for Rohtak. Farmers should continue with standard crop care practices—ensuring regular irrigation, keeping the fields weed-free, and maintaining vigilant pest and disease monitoring. Adhere to recommended agronomic steps based on the crop’s growth stage and regional weather updates.","रोहतक के लिए ताज़ा सलाह में फसल की स्थिति का कोई विशेष उल्लेख नहीं है। किसान नियमित सिंचाई, खेत को साफ-सुथरा रखना और कीट व रोगों पर सतर्क निगरानी बनाए रखें। फसल की अवस्था और क्षेत्रीय मौसम के अनुसार अनुशंसित कृषि उपायों का पालन करें।","Crop-specific conditions are not mentioned in the latest advisory for Rohtak. Farmers should continue standard crop care—ensure timely irrigation, maintain weed-free fields, and regularly monitor for any signs of pests or diseases. Follow agronomic practices suitable for the current crop stage and prevailing weather conditions.","रोहतक के लिए ताज़ा सलाह में किसी विशेष फसल की स्थिति का उल्लेख नहीं किया गया है। किसानों को नियमित फसल देखभाल कार्य जारी रखने की सलाह दी जाती है—समय पर सिंचाई करें, खेत को खरपतवार-मुक्त रखें, और कीट या रोगों के किसी भी लक्षण की नियमित निगरानी करें। फसल की वर्तमान अवस्था और मौजूदा मौसम के अनुसार कृषि तकनीकों का पालन करें।"
Rajasthan,Ajmer,6/16/2025,6/22/2025,"Crop-specific conditions are not mentioned in the latest advisory for Ajmer. Farmers should continue with ongoing crop management—carry out regular irrigation and weeding, monitor crop health vigilantly, and adhere to agronomic practices suited to the current growth stage and prevailing weather conditions.","अजमेर के लिए नवीनतम सलाह में किसी विशेष फसल स्थिति का उल्लेख नहीं किया गया है। किसान नियमित सिंचाई, निराई और फसल स्वास्थ्य की निगरानी जारी रखें, और मौजूदा विकास चरण व मौसम के अनुसार कृषि तकनीकियों का पालन करें।","Crop-specific conditions are not mentioned in the latest advisory for Ajmer. Farmers are advised to continue general crop care practices—carry out timely irrigation, keep fields weed-free, and monitor crops regularly for early signs of pests or diseases. Follow agronomic recommendations suited to the current crop stage and local weather conditions.","अजमेर के लिए ताज़ा सलाह में किसी विशेष फसल की स्थिति का उल्लेख नहीं किया गया है। किसानों को सामान्य फसल देखभाल कार्य जारी रखने की सलाह दी जाती है—समय पर सिंचाई करें, खेत को खरपतवार-मुक्त रखें, और फसल में कीट या रोगों के प्रारंभिक लक्षणों की नियमित निगरानी करें। फसल की वर्तमान अवस्था और स्थानीय मौसम के अनुसार कृषि तकनीकों का पालन करें।"
Rajasthan,Jodhpur,6/16/2025,6/22/2025,"Crop-specific conditions are not mentioned in the latest advisory for Jodhpur. Farmers should continue their usual crop care routines maintain regular irrigation, keep fields free of weeds, and monitor for pests and diseases. Follow agronomic best practices tailored to your current crop stage and local weather conditions.","जोधपुर के लिए नवीनतम सलाह में फसल की कोई विशेष स्थिति उल्लेखित नहीं है। किसान नियमित सिंचाई जारी रखें, खेत से खरपतवार हटाते रहें, और कीट तथा रोगों पर सतर्क निगरानी रखें। फसल की वर्तमान अवस्था और स्थानीय मौसम के अनुसार कृषि तकनीकों का पालन करें।","Crop-specific details are not included in the latest advisory for Jodhpur. Farmers should continue routine crop management—ensure timely irrigation, remove weeds from the field, and monitor crops regularly for early signs of pest or disease. Follow agronomic practices that align with the crop's current stage and local climatic conditions.","जोधपुर के लिए ताज़ा सलाह में किसी विशेष फसल की जानकारी नहीं दी गई है। किसान नियमित फसल प्रबंधन कार्य जारी रखें—समय पर सिंचाई करें, खेत से खरपतवार हटाएं और फसल में कीट या रोग के शुरुआती लक्षणों की निगरानी करते रहें। फसल की वर्तमान अवस्था और स्थानीय मौसम के अनुसार कृषि तकनीकों का पालन करें।"
Rajasthan,Nagaur,6/16/2025,6/22/2025,"Crop-specific conditions are not mentioned in the latest advisory for Nagaur. Farmers should continue standard crop management practices, including regular irrigation based on soil moisture, timely weed removal, and proactive pest and disease monitoring. Please follow agronomic guidelines suited to your crop’s growth stage and the local weather conditions.","नागौर के लिए नवीनतम सलाह में फसल की कोई विशेष स्थिति उल्लेखित नहीं है। किसान नियमित रूप से मिट्टी की नमी के अनुसार सिंचाई करें, समय पर निराई करें और कीट व रोगों की नज़र बनाए रखें। कृपया फसल की विकास अवस्था और स्थानीय मौसम के अनुरूप कृषि तकनीकों का पालन करें।","Crop-specific conditions are not mentioned in the latest advisory for Nagaur. Farmers should continue with routine crop care—ensure timely irrigation, keep fields clean and weed-free, and monitor for any early signs of pests or diseases. Follow agronomic practices suitable to the crop’s current growth stage and local weather.","नागौर के लिए ताज़ा सलाह में किसी विशेष फसल की स्थिति का उल्लेख नहीं किया गया है। किसान नियमित फसल देखभाल कार्य जारी रखें—समय पर सिंचाई करें, खेत को साफ और खरपतवार-मुक्त रखें, और कीट या रोगों के प्रारंभिक लक्षणों की निगरानी करें। फसल की वर्तमान अवस्था और स्थानीय मौसम के अनुसार कृषि तकनीकों का पालन करें।"
Rajasthan,Pali,6/16/2025,6/22/2025,"Crop-specific conditions are not mentioned in the latest advisory for Pali. Farmers should continue regular crop care, including maintaining proper irrigation, timely weeding, and keeping an eye out for pests and diseases. Follow agronomic practices appropriate for the crop’s growth stage and local weather conditions.","पाली के लिए नवीनतम सलाह में फसल की कोई विशेष स्थिति उल्लेखित नहीं है। किसान नियमित बुआई बनाए रखें, समय पर निराई करें और कीट व रोगों की निगरानी करें। फसल की विकास अवस्था और स्थानीय मौसम के अनुसार उचित कृषि तकनीकों का पालन करें।","Crop-specific conditions are not mentioned in the latest advisory for Pali. Farmers are advised to continue with regular crop management—ensure timely irrigation, keep fields weed-free, and monitor crops regularly for early signs of pests or diseases. Follow agronomic practices according to the crop’s current stage and prevailing weather conditions.","पाली के लिए ताज़ा सलाह में किसी विशेष फसल की स्थिति का उल्लेख नहीं किया गया है। किसानों को नियमित फसल प्रबंधन कार्य जारी रखने की सलाह दी जाती है—समय पर सिंचाई करें, खेत को खरपतवार-मुक्त रखें, और कीट या रोगों के प्रारंभिक लक्षणों की नियमित निगरानी करें। फसल की वर्तमान अवस्था और मौजूदा मौसम के अनुसार कृषि तकनीकों का पालन करें।"
Rajasthan,Sri Ganganagar,6/16/2025,6/22/2025,"The cotton crop in Sri Ganganagar is currently 22–47 days old, ranging from the seedling to vegetative stage. Sowing has been delayed in some areas, and intercultural operations such as weeding and hoeing are in progress. Farmers are advised to maintain optimal soil moisture, monitor for early pest incidence, and continue timely crop care to support healthy plant growth.","श्रीगंगानगर में कपास की फसल वर्तमान में 22–47 दिन पुरानी है और बीज अंकुरण से लेकर वनस्पतिक चरण में है। कुछ क्षेत्रों में बुवाई में देरी हुई है, और निराई-गुड़ाई जैसे अंतराशस्य कार्य प्रगति पर हैं। किसान मिट्टी की नमी बनाए रखें, प्रारंभिक कीटों की निगरानी करें, और पौधों की बेहतर वृद्धि के लिए समय पर फसल देखभाल कार्य करते रहें।","Farmers in Sri Ganganagar are advised to apply nitrogen fertilizers only after the first irrigation, not before. Keep fields free from weeds and monitor crops regularly for jassid, whitefly, and thrips. To manage sucking pests and Pink Bollworm (PBW), spray a neem-based insecticide at the rate of 5 ml per litre of water.","श्रीगंगानगर में किसानों को सलाह दी जाती है कि नाइट्रोजन उर्वरक का प्रयोग पहली सिंचाई के बाद करें, उससे पहले नहीं। खेत को खरपतवार-मुक्त रखें और फसल में जेसिड, सफेद मक्खी और थ्रिप्स की नियमित निगरानी करें। चूसक कीटों और गुलाबी सुंडी (PBW) के प्रबंधन के लिए नीम आधारित कीटनाशक का 5 मिली प्रति लीटर पानी की दर से छिड़काव करें।"
Rajasthan,Hanumangarh,6/16/2025,6/22/2025,"The cotton crop in Hanumangarh is 22–47 days old, at the seedling to vegetative growth stage. Sowing was delayed in some areas, and intercultural operations like weeding and hoeing are currently in progress. Farmers are advised to maintain proper soil moisture, continue crop care practices, and monitor the field for early signs of pests or nutrient deficiencies.","हनुमानगढ़ में कपास की फसल 22–47 दिन पुरानी है और बीज अंकुरण से वनस्पतिक अवस्था में है। कुछ क्षेत्रों में बुवाई में देरी हुई है, और इस समय निराई-गुड़ाई जैसे अंतराशस्य कार्य चल रहे हैं। किसान मिट्टी की नमी बनाए रखें, फसल देखभाल कार्य जारी रखें, और प्रारंभिक कीट या पोषक तत्व की कमी के लक्षणों पर निगरानी रखें।","In Hanumangarh, farmers are advised to apply nitrogen fertilizers only after the first irrigation, not before. Ensure fields are weed-free and monitor the crop regularly for jassid, whitefly, and thrips. To control sucking pests and Pink Bollworm (PBW), spray neem-based insecticide at 5 ml per litre of water.","हनुमानगढ़ में किसानों को सलाह दी जाती है कि नाइट्रोजन उर्वरकों का प्रयोग पहली सिंचाई के बाद करें, उससे पहले नहीं। खेत को खरपतवार-मुक्त रखें और जेसिड, सफेद मक्खी व थ्रिप्स की नियमित निगरानी करें। चूसक कीटों और गुलाबी सुंडी (PBW) के नियंत्रण के लिए नीम आधारित कीटनाशक का 5 मिली प्रति लीटर पानी की दर से छिड़काव करें।"
Odisha,Koraput,6/16/2025,6/22/2025,"In Koraput, land preparation is currently in progress. Sowing operations have already begun in some neighboring districts. Farmers are advised to complete land preparation promptly, arrange quality seeds and inputs, and plan sowing based on the onset of adequate rainfall. Timely sowing will help ensure better crop establishment and yield.","कोरापुट में भूमि की तैयारी जारी है। आस-पास के कुछ जिलों में बुवाई शुरू हो चुकी है। किसानों को सलाह दी जाती है कि वे भूमि तैयारी शीघ्र पूरा करें, अच्छे गुणवत्ता वाले बीज और अन्य सामग्री की व्यवस्था करें, और पर्याप्त वर्षा होने पर समय पर बुवाई करें। समय पर बुवाई से फसल की अच्छी स्थापना और बेहतर उत्पादन सुनिश्चित होगा।","In Koraput, farmers are advised to finalize land preparation, remove weeds, and begin sowing as the monsoon starts. Use good quality cotton seeds along with FYM, fertilizers, biofertilizers, and herbicides. Apply Zinc Sulphate (ZnSO₄) at 25 kg/ha and Boron (as Borax) at 5 kg/ha. Ensure proper seed treatment using Carboxin + Thiram, Fluxapyroxad, or Tetraconazole. Intercropping is recommended with black gram, soybean, or pigeon pea along with cotton. Apply Pendimethalin 30 EC at 1.33 L per acre in 200 litres of water, 1–2 days after sowing. Also, raise trap crops and intercrops for better pest and weed management.","कोरापुट में किसानों को भूमि की तैयारी अंतिम रूप देने, खरपतवार साफ करने और मानसून के प्रारंभ के साथ बुवाई शुरू करने की सलाह दी जाती है। अच्छी गुणवत्ता के कपास बीजों के साथ FYM, उर्वरक, जैव उर्वरक और खरपतवारनाशकों का उपयोग करें। ज़िंक सल्फेट (ZnSO₄) @25 किग्रा/हेक्टेयर और बोरॉन (बोरैक्स के रूप में) @5 किग्रा/हेक्टेयर का प्रयोग करें। बीज उपचार के लिए Carboxin + Thiram, Fluxapyroxad या Tetraconazole का उपयोग करें। कपास के साथ उड़द, सोयाबीन या अरहर की अंतरवर्तीय फसलें बोएं। बुवाई के 1–2 दिन बाद 200 लीटर पानी में 1.33 लीटर प्रति एकड़ की दर से पेंडिमेथालिन 30 EC का छिड़काव करें। कीट और खरपतवार प्रबंधन के लिए ट्रैप फसलें और अंतरवर्तीय फसलें भी लगाएं।"
Odisha,Kalahandi,6/16/2025,6/22/2025,"In Kalahandi, sowing has begun and the cotton crop is currently at the germination stage. Farmers are advised to monitor soil moisture regularly to support uniform germination, avoid water stagnation, and begin light intercultural operations once seedlings are established. Watch for early pest or disease symptoms and manage accordingly.","कालाहांडी में बुवाई शुरू हो चुकी है और कपास की फसल अंकुरण अवस्था में है। किसानों को सलाह दी जाती है कि वे समान अंकुरण के लिए मिट्टी की नमी पर ध्यान दें, जलभराव से बचें, और पौधों की स्थापना के बाद हल्के अंतराशस्य कार्य शुरू करें। प्रारंभिक कीट या रोग के लक्षणों की निगरानी करें और आवश्यकतानुसार नियंत्रण करें।","Farmers in Kalahandi are advised to finalize land preparation, clean weeds, and begin sowing with the onset of the monsoon. Use good quality cotton seeds along with FYM, fertilizers, biofertilizers, and herbicides. Apply Zinc Sulphate (ZnSO₄) at 25 kg/ha and Boron (Borax) at 5 kg/ha. Ensure seed treatment using Carboxin + Thiram, Fluxapyroxad, or Tetraconazole. Adopt intercropping with black gram, soybean, or pigeon pea along with cotton. Apply Pendimethalin 30 EC at 1.33 L in 200 litres of water per acre, 1–2 days after sowing. Also, raise trap crops and intercrops for effective pest and weed management.","कालाहांडी में किसानों को भूमि की तैयारी अंतिम रूप देने, खरपतवार साफ करने और मानसून शुरू होते ही बुवाई शुरू करने की सलाह दी जाती है। अच्छी गुणवत्ता के कपास बीजों के साथ FYM, उर्वरक, जैव उर्वरक और खरपतवारनाशकों का प्रयोग करें। ज़िंक सल्फेट (ZnSO₄) @25 किग्रा/हेक्टेयर और बोरॉन (बोरैक्स) @5 किग्रा/हेक्टेयर डालें। बीज उपचार Carboxin + Thiram, Fluxapyroxad या Tetraconazole से करें। कपास के साथ उड़द, सोयाबीन या अरहर की अंतरवर्तीय फसलें बोएं। बुवाई के 1–2 दिन बाद 200 लीटर पानी में 1.33 लीटर प्रति एकड़ की दर से पेंडिमेथालिन 30 EC का छिड़काव करें। कीट और खरपतवार नियंत्रण के लिए ट्रैप फसलें और अंतरवर्तीय फसलें लगाएं।"
Odisha,Balangir,6/16/2025,6/22/2025,"In Balangir, sowing operations have begun and the cotton crop is at the germination stage. Farmers are advised to maintain adequate soil moisture for uniform germination, avoid overwatering, and ensure proper field drainage. Begin light weeding or intercultural practices once seedlings emerge, and observe for early signs of pests or diseases.","बलांगीर में बुवाई शुरू हो चुकी है और कपास की फसल अंकुरण अवस्था में है। किसानों को समान अंकुरण के लिए मिट्टी की नमी बनाए रखने, अधिक पानी से बचने और उचित जल निकासी सुनिश्चित करने की सलाह दी जाती है। पौध निकलने के बाद हल्की निराई या अंतराशस्य कार्य शुरू करें और प्रारंभिक कीट या रोग के लक्षणों पर ध्यान दें।","In Balangir, farmers should finalize land preparation, clean weeds, and start sowing as soon as the monsoon begins. Use good quality cotton seeds along with FYM, fertilizers, biofertilizers, and herbicides. Apply Zinc Sulphate (ZnSO₄) at 25 kg/ha and Boron (Borax) at 5 kg/ha. Treat seeds with Carboxin + Thiram, Fluxapyroxad, or Tetraconazole. Intercropping with black gram, soybean, or pigeon pea along with cotton is recommended. Apply Pendimethalin 30 EC at 1.33 L in 200 litres of water per acre, 1–2 days after sowing. Also, raise trap crops and intercrops for better pest and weed control.","बलांगीर में किसानों को भूमि की तैयारी पूरी कर खरपतवार हटाने और मानसून शुरू होते ही बुवाई शुरू करने की सलाह दी जाती है। अच्छी गुणवत्ता के कपास बीजों के साथ FYM, उर्वरक, जैव उर्वरक और खरपतवारनाशकों का प्रयोग करें। ज़िंक सल्फेट (ZnSO₄) @25 किग्रा/हेक्टेयर और बोरॉन (बोरैक्स) @5 किग्रा/हेक्टेयर का प्रयोग करें। बीजों का उपचार Carboxin + Thiram, Fluxapyroxad या Tetraconazole से करें। कपास के साथ उड़द, सोयाबीन या अरहर की अंतरवर्तीय फसल बोएं। बुवाई के 1–2 दिन बाद 200 लीटर पानी में 1.33 लीटर प्रति एकड़ की दर से पेंडिमेथालिन 30 EC का छिड़काव करें। कीट और खरपतवार नियंत्रण के लिए ट्रैप फसलें और अंतरवर्तीय फसलें लगाएं।"
Odisha,Nuapada,6/16/2025,6/22/2025,"In Nuapada, sowing has commenced following the onset of the monsoon. Farmers are advised to ensure proper seed spacing, maintain optimal soil moisture, and monitor for uniform germination. Start light intercultural operations once seedlings emerge, and watch for any early signs of pest or disease to take timely action.","नुआपड़ा में मानसून की शुरुआत के बाद बुवाई शुरू हो गई है। किसानों को उचित बीज दूरी बनाए रखने, मिट्टी की नमी सुनिश्चित करने और समान अंकुरण की निगरानी करने की सलाह दी जाती है। पौध निकलने के बाद हल्के अंतराशस्य कार्य शुरू करें और प्रारंभिक कीट या रोग के लक्षणों पर नजर रखें ताकि समय पर नियंत्रण किया जा सके।","Farmers in Nuapada are advised to finalize land preparation, clean weeds, and begin sowing with the onset of the monsoon. Use good quality cotton seeds along with FYM, fertilizers, biofertilizers, and herbicides. Apply Zinc Sulphate (ZnSO₄) at 25 kg/ha and Boron (as Borax) at 5 kg/ha. Treat seeds with Carboxin + Thiram, Fluxapyroxad, or Tetraconazole before sowing. Intercropping with black gram, soybean, or pigeon pea along with cotton is recommended. Apply Pendimethalin 30 EC @1.33 L in 200 litres of water per acre, 1–2 days after sowing. Raise trap crops and intercrops to support pest and weed management.","नुआपाड़ा में किसानों को भूमि की तैयारी पूरी करने, खरपतवार हटाने और मानसून शुरू होते ही बुवाई शुरू करने की सलाह दी जाती है। अच्छी गुणवत्ता वाले कपास बीजों के साथ FYM, उर्वरक, जैव उर्वरक और खरपतवारनाशकों का उपयोग करें। ज़िंक सल्फेट (ZnSO₄) @25 किग्रा/हेक्टेयर और बोरॉन (बोरैक्स) @5 किग्रा/हेक्टेयर का प्रयोग करें। बीजों का उपचार Carboxin + Thiram, Fluxapyroxad या Tetraconazole से करें। कपास के साथ उड़द, सोयाबीन या अरहर की अंतरवर्तीय फसलें बोएं। बुवाई के 1–2 दिन बाद 200 लीटर पानी में 1.33 लीटर प्रति एकड़ की दर से पेंडिमेथालिन 30 EC का छिड़काव करें। कीट और खरपतवार नियंत्रण हेतु ट्रैप फसलें और अंतरवर्तीय फसलें लगाएं।"
Gujarat,Amreli,6/16/2025,6/22/2025,"Crop-specific conditions are not mentioned in the latest advisory for Amreli. Farmers should continue routine crop management—ensure timely irrigation, keep fields free of weeds, and monitor for pests and diseases. Implement agronomic practices appropriate for the crop's growth stage and prevailing weather conditions.","अमरेली के लिए नवीनतम सलाह में किसी विशेष फसल की स्थिति का उल्लेख नहीं किया गया है। किसान नियमित रुप से फसल प्रबंधन कार्य करें—समय पर सिंचाई करें, खेतों को खरपतवार मुक्त रखें, और कीट तथा रोगों की निगरानी करें। फसल की विकास अवस्था और वर्तमान मौसम की स्थिति के अनुसार उचित कृषि तकनीकों का पालन करें।","In Amreli, farmers should follow general advisory guidelines. Apply FYM and recommended fertilizers. Begin sowing only after receiving 75–100 mm of rainfall and ensure adequate soil moisture—avoid early sowing. Use Pendimethalin @700 ml per acre as a pre-emergence weedicide. Remove old cotton stalks from previous seasons and follow proper crop rotation practices for better soil and pest management.",अमरेली में किसानों को सामान्य सलाह का पालन करने की आवश्यकता है। FYM और अनुशंसित उर्वरकों का प्रयोग करें। बुवाई केवल तब करें जब 75–100 मिमी वर्षा हो चुकी हो और मिट्टी में पर्याप्त नमी हो—जल्दी बुवाई से बचें। प्री-इमर्जेंस खरपतवार नियंत्रण के लिए पेंडिमेथालिन @700 मि.ली. प्रति एकड़ का छिड़काव करें। पुराने कपास के डंठलों को हटा दें और उचित फसल चक्र अपनाएं जिससे मिट्टी की गुणवत्ता और कीट प्रबंधन बेहतर हो सके।
Gujarat,Bhavnagar,6/16/2025,6/22/2025,"Crop-specific conditions are not mentioned in the latest advisory for Bhavnagar. Farmers should continue standard crop care practices—such as maintaining optimal irrigation, managing weeds promptly, and monitoring for early signs of pests and diseases. Follow agronomic recommendations based on crop growth stage and local weather patterns.","भवनगर के लिए नवीनतम सलाह में किसी विशेष फसल की स्थिति का उल्लेख नहीं किया गया है। किसान फसल की देखभाल नियमित रूप से करें—मिट्टी की नमी बनाए रखें, समय पर निराई करें, और कीट व रोगों की शुरुआती चेतावनी संकेतों की निगरानी करें। फसल की वृद्धि अवस्था और स्थानीय मौसम के अनुसार कृषि विज्ञान की अनुशंसाओं का पालन करें।","In Bhavnagar, farmers are advised to follow general crop advisory practices. Apply FYM and recommended fertilizers. Start sowing only after receiving 75–100 mm of rainfall and confirming proper soil moisture—avoid early sowing. Use Pendimethalin @700 ml per acre as a pre-emergence herbicide. Clear old cotton stalks from previous crops and adopt proper crop rotation to improve soil health and pest control.",भावनगर में किसानों को सामान्य कृषि सलाह का पालन करने की सलाह दी जाती है। FYM और अनुशंसित उर्वरकों का प्रयोग करें। बुवाई केवल तब करें जब 75–100 मिमी वर्षा हो चुकी हो और मिट्टी में पर्याप्त नमी हो—जल्दी बुवाई से बचें। प्री-इमर्जेंस खरपतवार नियंत्रण के लिए पेंडिमेथालिन @700 मि.ली. प्रति एकड़ का छिड़काव करें। पुराने कपास के डंठलों को हटा दें और मिट्टी की गुणवत्ता व कीट प्रबंधन के लिए उचित फसल चक्र अपनाएं।
Gujarat,Jamnagar,6/16/2025,6/22/2025,"Crop-specific conditions are not mentioned in the latest advisory for Jamnagar. Farmers are encouraged to continue standard crop management practices maintain proper irrigation scheduling, keep fields free from weeds, and stay vigilant for pests and diseases. Apply agronomic practices appropriate to the current crop stage and local weather conditions.","जामनगर के लिए नवीनतम सलाह में किसी विशिष्ट फसल स्थिति का उल्लेख नहीं किया गया है। किसान सामान्य फसल प्रबंधन कार्य जारी रखें उचित सिंचाई तालिका बनाए रखें, खेतों को खरपतवार मुक्त रखें, और कीट या रोगों के लिए सतर्क रहें। मौजूदा फसल अवस्था और स्थानीय मौसम के अनुसार कृषि तकनीकों को लागू करें।","Farmers in Jamnagar should follow the general crop advisory. Apply FYM and recommended fertilizers. Begin sowing only after receiving 75–100 mm of rainfall, ensuring proper soil moisture—avoid early sowing. Use Pendimethalin @700 ml per acre as a pre-emergence weedicide. Remove old cotton stalks and follow proper crop rotation to maintain soil health and manage pests.",जामनगर में किसानों को सामान्य कृषि सलाह का पालन करना चाहिए। FYM और अनुशंसित उर्वरकों का प्रयोग करें। बुवाई केवल तब करें जब 75–100 मिमी वर्षा हो चुकी हो और मिट्टी में पर्याप्त नमी हो—जल्दी बुवाई से बचें। प्री-इमर्जेंस खरपतवार नियंत्रण के लिए पेंडिमेथालिन @700 मि.ली. प्रति एकड़ का छिड़काव करें। पुराने कपास के डंठलों को हटा दें और मिट्टी की उर्वरता बनाए रखने एवं कीट प्रबंधन के लिए फसल चक्र का पालन करें।
Gujarat,Rajkot,6/16/2025,6/22/2025,"Crop-specific conditions are not mentioned in the latest advisory for Rajkot. Farmers should continue with standard crop management practices maintain timely irrigation, ensure fields are free of weeds, and monitor for pests and diseases. Follow agronomic practices suited to the current crop growth stage and prevailing weather.","राजकोट के लिए नवीनतम सलाह में किसी विशिष्ट फसल की स्थिति का उल्लेख नहीं किया गया है। किसान सामान्य फसल प्रबंधन कार्य जारी रखें—समय पर सिंचाई करें, खेतों को खरपतवार-मुक्त रखें, और कीट तथा रोगों पर सतर्क निगरानी रखें। वर्तमान फसल अवस्था और मौसम के अनुसार कृषि तकनीकों का पालन करें।","In Rajkot, farmers should follow the general crop advisory. Apply FYM and recommended fertilizers. Begin sowing only after receiving 75–100 mm of rainfall and ensuring proper soil moisture. Avoid early sowing. Use Pendimethalin @700 ml per acre as a pre-emergence weedicide. Remove old cotton stalks from the field and adopt proper crop rotation to maintain soil fertility and manage pests.",राजकोट में किसानों को सामान्य कृषि सलाह का पालन करना चाहिए। FYM और अनुशंसित उर्वरकों का प्रयोग करें। बुवाई केवल तब करें जब 75–100 मिमी वर्षा हो चुकी हो और मिट्टी में पर्याप्त नमी हो—जल्दी बुवाई से बचें। प्री-इमर्जेंस खरपतवारनाशी के रूप में पेंडिमेथालिन @700 मि.ली. प्रति एकड़ की दर से छिड़काव करें। पुराने कपास के डंठलों को हटा दें और मिट्टी की उर्वरता बनाए रखने तथा कीट प्रबंधन के लिए उचित फसल चक्र अपनाएं।
Gujarat,Junagadh,6/16/2025,6/22/2025,"In Junagadh, land preparation has been completed, and sowing activities have started in some isolated areas. Farmers are advised to ensure the use of quality seeds, maintain proper spacing, and sow after ensuring sufficient soil moisture. Begin seed treatment and apply pre-emergence herbicide like Pendimethalin to manage early weeds.","जूनागढ़ में भूमि तैयारी पूरी हो चुकी है और कुछ स्थानों पर बुवाई शुरू हो गई है। किसानों को सलाह दी जाती है कि वे गुणवत्तापूर्ण बीजों का उपयोग करें, उचित बीज दूरी रखें और मिट्टी में पर्याप्त नमी सुनिश्चित होने पर ही बुवाई करें। बीजोपचार करें और शुरुआती खरपतवार नियंत्रण के लिए पेंडीमेथालिन जैसे शाकनाशी का उपयोग करें।","In Junagadh, farmers should start sowing only where sufficient irrigation or at least 75–100 mm of rainfall has been received. Purchase certified seeds with a proper bill. Apply FYM before sowing and use a pre-emergence weedicide to manage early weed growth. Clear old cotton residues from the field before sowing for better crop health.",जूनागढ़ में किसानों को तभी बुवाई शुरू करनी चाहिए जब पर्याप्त सिंचाई सुविधा उपलब्ध हो या 75–100 मिमी वर्षा हो चुकी हो। बीज खरीदते समय बिल अवश्य लें और प्रमाणित बीजों का उपयोग करें। बुवाई से पहले FYM (गोबर की खाद) डालें और प्रारंभिक खरपतवार नियंत्रण के लिए प्री-इमर्जेंस खरपतवारनाशी का उपयोग करें। खेत से पुराने कपास के अवशेष हटा दें ताकि नई फसल अच्छी तरह विकसित हो सके।
Gujarat,Sabarkantha,6/16/2025,6/22/2025,"Crop-specific conditions are not detailed in the latest advisory for Sabarkantha. Farmers should continue with standard crop management practices ensure timely irrigation, maintain clean fields by controlling weeds, and vigilantly monitor crops for any signs of pests or diseases. Apply agronomic practices based on the current crop growth stage and adhere to local weather advisories.","सबरकांठा के लिए नवीनतम सलाह में फसल की कोई विशेष स्थिति उल्लिखित नहीं है। किसान नियमित फसल प्रबंधन कार्य करें समय पर सिंचाई करें, खेतों को खरपतवार-मुक्त रखें, और कीट या रोगों के किसी भी संकेत के लिए फसल की सतर्क निगरानी करें। वर्तमान फसल अवस्था और स्थानीय मौसम पूर्वानुमान के अनुसार कृषि तकनीकों का पालन करें।","Farmers in Sabarkantha should follow the general crop advisory. Apply FYM and recommended fertilizers. Sow only after receiving 75–100 mm of rainfall, ensuring adequate soil moisture. Avoid early sowing. Use Pendimethalin @700 ml per acre as a pre-emergence weedicide. Remove old cotton stalks from the field and follow proper crop rotation for soil health and pest management.",साबरकांठा में किसानों को सामान्य कृषि सलाह का पालन करना चाहिए। FYM और अनुशंसित उर्वरकों का प्रयोग करें। केवल तब बुवाई करें जब 75–100 मिमी वर्षा हो चुकी हो और मिट्टी में पर्याप्त नमी हो। जल्दी बुवाई से बचें। प्री-इमर्जेंस खरपतवार नियंत्रण के लिए पेंडिमेथालिन @700 मि.ली. प्रति एकड़ का छिड़काव करें। पुराने कपास के डंठलों को हटा दें और मिट्टी की उर्वरता व कीट नियंत्रण के लिए उचित फसल चक्र अपनाएं।
Gujarat,Surendranagar,6/16/2025,6/22/2025,"Crop-specific conditions are not mentioned in the latest advisory for Surendranagar. Farmers are advised to continue regular crop care practices maintaining proper irrigation schedules, keeping fields weed-free, and monitoring for early signs of pests or diseases. Follow recommended agronomic practices suited to the current crop growth stage and prevailing weather conditions.","सुरेंद्रनगर के लिए नवीनतम सलाह में फसल की कोई विशिष्ट स्थिति उल्लेखित नहीं है। किसान नियमित फसल देखभाल करें उचित सिंचाई तालिका बनाए रखें, खेतों को खरपतवार से मुक्त रखें, और कीट या रोगों के प्रारंभिक लक्षणों की निगरानी करें। फसल की मौजूदा वृद्धि अवस्था और मौसम के अनुसार अनुशंसित कृषि तकनीकों का पालन करें।","Farmers in Surendranagar should follow the general crop advisory. Apply FYM and recommended fertilizers. Sow only after receiving 75–100 mm of rainfall, ensuring proper soil moisture. Avoid early sowing. Use Pendimethalin @700 ml per acre as a pre-emergence weedicide. Clear old cotton stalks and follow proper crop rotation to maintain soil health and manage pests.",सुरेंद्रनगर में किसानों को सामान्य कृषि सलाह का पालन करना चाहिए। FYM और अनुशंसित उर्वरकों का प्रयोग करें। बुवाई केवल तब करें जब 75–100 मिमी वर्षा हो चुकी हो और मिट्टी में पर्याप्त नमी हो। जल्दी बुवाई से बचें। प्री-इमर्जेंस खरपतवारनाशी के लिए पेंडिमेथालिन @700 मि.ली. प्रति एकड़ का छिड़काव करें। पुराने कपास के डंठलों को हटा दें और मिट्टी की उर्वरता और कीट प्रबंधन के लिए उचित फसल चक्र अपनाएं।
Gujarat,Ahmedabad,6/16/2025,6/22/2025,"Crop-specific conditions are not mentioned in the latest advisory for Ahmedabad. Farmers should continue with routine crop management practices ensure timely irrigation, maintain weed control, and monitor closely for any signs of pests or diseases. Adhere to agronomic recommendations suitable for the crop’s current growth stage and local weather conditions.","अहमदाबाद के लिए नवीनतम सलाह में किसी विशेष फसल स्थिति का उल्लेख नहीं किया गया है। किसान नियमित फसल प्रबंधन कार्य करें समय पर सिंचाई करें, खरपतवार नियंत्रण करें और कीट या रोगों के किसी भी लक्षण की निगरानी करें। फसल की वर्तमान वृद्धि अवस्था और स्थानीय मौसम के अनुसार कृषि तकनीकों का पालन करें।","Farmers in Ahmedabad should follow the general crop advisory. Apply FYM and recommended fertilizers. Sow only after receiving 75–100 mm of rainfall, ensuring proper soil moisture. Avoid early sowing. Use Pendimethalin @700 ml per acre as a pre-emergence weedicide. Clear old cotton stalks and follow proper crop rotation to maintain soil fertility and manage pests.",अहमदाबाद में किसानों को सामान्य कृषि सलाह का पालन करना चाहिए। FYM और अनुशंसित उर्वरकों का प्रयोग करें। बुवाई केवल तब करें जब 75–100 मिमी वर्षा हो चुकी हो और मिट्टी में पर्याप्त नमी हो। जल्दी बुवाई से बचें। प्री-इमर्जेंस खरपतवारनाशी के लिए पेंडिमेथालिन @700 मि.ली. प्रति एकड़ का छिड़काव करें। पुराने कपास के डंठलों को हटा दें और मिट्टी की उर्वरता और कीट प्रबंधन के लिए उचित फसल चक्र अपनाएं।
Gujarat,Baroda,6/16/2025,6/22/2025,"Crop-specific conditions are not mentioned in the latest advisory for Baroda. Farmers are recommended to continue regular crop management routines maintain timely irrigation, ensure fields are free from weeds, and stay vigilant for early signs of pests or diseases. Implement agronomic practices based on the crop's current growth stage and local weather forecasts.","बड़ौदा (वडोदरा) के लिए नवीनतम सलाह में किसी विशेष फसल की स्थिति का उल्लेख नहीं किया गया है। किसान नियमित फसल प्रबंधन कार्य करें समय पर सिंचाई करें, खेतों को खरपतवारों से मुक्त रखें, और कीट या रोगों के प्रारंभिक लक्षणों पर सतर्क निगरानी करें। फसल की वर्तमान विकास अवस्था और स्थानीय मौसम पूर्वानुमान के अनुसार कृषि तकनीकों का पालन करें।",Farmers in Baroda should follow the general crop advisory. Apply FYM and recommended fertilizers. Sow only after receiving 75–100 mm of rainfall and ensure proper soil moisture. Avoid early sowing. Use Pendimethalin @700 ml per acre as a pre-emergence weedicide. Remove old cotton stalks and follow proper crop rotation to maintain soil health and control pests.,बड़ौदा में किसानों को सामान्य कृषि सलाह का पालन करना चाहिए। FYM और अनुशंसित उर्वरकों का प्रयोग करें। बुवाई केवल तब करें जब 75–100 मिमी वर्षा हो चुकी हो और मिट्टी में पर्याप्त नमी हो। जल्दी बुवाई से बचें। प्री-इमर्जेंस खरपतवारनाशी के लिए पेंडिमेथालिन @700 मि.ली. प्रति एकड़ का छिड़काव करें। पुराने कपास के डंठलों को हटा दें और मिट्टी की उर्वरता बनाए रखने तथा कीट प्रबंधन के लिए उचित फसल चक्र अपनाएं।
Gujarat,Patan,6/16/2025,6/22/2025,"Crop-specific conditions are not mentioned in the latest advisory for Patan. Farmers are advised to continue standard crop care measures ensure timely irrigation, manage weeds effectively, and monitor fields closely for any early signs of pests or diseases. Follow agronomic recommendations suited to the crop's current growth stage and prevailing weather conditions.","पाटन के लिए नवीनतम सलाह में किसी विशिष्ट फसल की स्थिति का उल्लेख नहीं किया गया है। किसान सामान्य फसल प्रबंधन कार्य जारी रखें समय पर सिंचाई करें, खरपतवारों का प्रभावी नियंत्रण करें, और खेतों में कीट या रोगों के प्रारंभिक संकेतों की सतर्क निगरानी रखें। फसल की वर्तमान विकास अवस्था और मौजूदा मौसम के अनुसार कृषि वैज्ञानिकों द्वारा सुझाए तकनीकों का पालन करें।",Farmers in Patan should follow the general crop advisory. Apply FYM and recommended fertilizers. Sow only after receiving 75–100 mm of rainfall and ensure proper soil moisture. Avoid early sowing. Use Pendimethalin @700 ml per acre as a pre-emergence weedicide. Clear old cotton stalks and follow proper crop rotation to maintain soil fertility and manage pests.,पाटन में किसानों को सामान्य कृषि सलाह का पालन करना चाहिए। FYM और अनुशंसित उर्वरकों का प्रयोग करें। बुवाई केवल तब करें जब 75–100 मिमी वर्षा हो चुकी हो और मिट्टी में पर्याप्त नमी हो। जल्दी बुवाई से बचें। प्री-इमर्जेंस खरपतवारनाशी के लिए पेंडिमेथालिन @700 मि.ली. प्रति एकड़ का छिड़काव करें। पुराने कपास के डंठलों को हटा दें और मिट्टी की उर्वरता बनाए रखने तथा कीट प्रबंधन के लिए उचित फसल चक्र अपनाएं।
Gujarat,Mehesana,6/16/2025,6/22/2025,"Crop-specific conditions are not mentioned in the latest advisory for Mehsana. Farmers are advised to maintain standard crop care practices ensure timely irrigation, manage weeds effectively, and monitor fields for early signs of pests or diseases. Continue following agronomic recommendations suitable for the crop's growth stage and the local weather conditions.","मेहसाणा के लिए नवीनतम सलाह में किसी विशिष्ट फसल की स्थिति का उल्लेख नहीं किया गया है। किसान नियमित फसल देखभाल कार्य करें—समय से सिंचाई करें, खरपतवारों को प्रभावी रूप से नियंत्रित करें, और फसलों में कीट या रोगों के प्रारंभिक लक्षणों की निगरानी करें। फसल की विकास अवस्था और स्थानीय मौसम की परिस्थितियों के अनुसार कृषि वैज्ञानिकों द्वारा सुझाए गए तकनीकों का पालन करें।","Farmers in Mehsana should follow the general crop advisory. Apply FYM and recommended fertilizers. Sow only after receiving 75–100 mm of rainfall, ensuring adequate soil moisture. Avoid early sowing. Use Pendimethalin @700 ml per acre as a pre-emergence weedicide. Remove old cotton stalks and follow proper crop rotation for soil health and pest management.",मेहसाणा में किसानों को सामान्य कृषि सलाह का पालन करना चाहिए। FYM और अनुशंसित उर्वरकों का प्रयोग करें। बुवाई केवल तब करें जब 75–100 मिमी वर्षा हो चुकी हो और मिट्टी में पर्याप्त नमी हो। जल्दी बुवाई से बचें। प्री-इमर्जेंस खरपतवारनाशी के लिए पेंडिमेथालिन @700 मि.ली. प्रति एकड़ का छिड़काव करें। पुराने कपास के डंठलों को हटा दें और मिट्टी की उर्वरता व कीट प्रबंधन के लिए उचित फसल चक्र अपनाएं।
Gujarat,Surat,6/16/2025,6/22/2025,Cloudy weather persists in the region. Field cleaning and furrow formation have been completed. Sowing activities have commenced in areas where sufficient rainfall has been received. Farmers in other areas are advised to wait for adequate soil moisture before sowing and continue field preparation as needed.,"क्षेत्र में बादल छाए हुए हैं। खेत की सफाई और मेड़ बनाना पूरा हो चुका है। जहां पर्याप्त वर्षा हुई है, वहां बुवाई शुरू कर दी गई है। अन्य क्षेत्रों के किसान मिट्टी में उचित नमी की प्रतीक्षा करें और आवश्यकता अनुसार भूमि की तैयारी जारी रखें।","Farmers in Surat should follow the general crop advisory. Apply FYM and recommended fertilizers. Sow only after receiving 75–100 mm of rainfall, ensuring adequate soil moisture. Avoid early sowing. Use Pendimethalin @700 ml per acre as a pre-emergence weedicide. Remove old cotton stalks and follow proper crop rotation for better soil health and pest management.",सूरत में किसानों को सामान्य कृषि सलाह का पालन करना चाहिए। FYM और अनुशंसित उर्वरकों का प्रयोग करें। बुवाई केवल तब करें जब 75–100 मिमी वर्षा हो चुकी हो और मिट्टी में पर्याप्त नमी हो। जल्दी बुवाई से बचें। प्री-इमर्जेंस खरपतवारनाशी के लिए पेंडिमेथालिन @700 मि.ली. प्रति एकड़ का छिड़काव करें। पुराने कपास के डंठलों को हटा दें और मिट्टी की उर्वरता व कीट प्रबंधन के लिए उचित फसल चक्र अपनाएं।
Madhya Pradesh,Khargaon,6/16/2025,6/22/2025,"Crop-specific conditions are not mentioned in the latest advisory for Khargaon. Farmers are advised to continue essential field management maintain irrigation schedules, perform regular weeding to keep fields clean, and vigilantly monitor for any signs of pests or diseases. Follow recommended agronomic practices based on your crop’s growth stage and current weather conditions.","खरगोन के लिए नवीनतम सलाह में किसी विशिष्ट फसल की स्थिति का उल्लेख नहीं किया गया है। किसान आवश्यक फील्ड प्रबंधन कार्य जारी रखें—सिंचाई समयानुसार करें, नियमित रूप से निराई करें ताकि खेत स्वच्छ रहें, और कीट या रोगों के किसी भी संकेत के लिए सतर्क निगरानी करें। अपने फसल की विकास अवस्था और मौजूदा मौसम के अनुसार कृषि तकनीकों का पालन करें।",Farmers in Khargaon are advised to avoid pre-season sowing. Grow early to medium maturing non-Bt or Bt cotton hybrids. Avoid sowing cotton in fields where cotton was grown last year to reduce pest and disease risks.,"खरगोन में किसानों को प्री-सीजन बुवाई से बचने की सलाह दी जाती है। जल्दी से मध्यम अवधि तक पकने वाली नॉन-Bt या Bt कपास की हाइब्रिड किस्में उगाएं। ऐसे खेतों में बुवाई न करें जहां पिछले वर्ष कपास की खेती हुई हो, ताकि कीट और रोगों का खतरा कम किया जा सके।"
Madhya Pradesh,Dhar,6/16/2025,6/22/2025,"Crop-specific conditions are not mentioned in the latest advisory for Dhar. Farmers are advised to continue standard field management practices maintain regular irrigation as per crop requirements, perform timely weeding to ensure field hygiene, and closely monitor for any signs of pests or diseases. Follow recommended agronomic practices that correspond to the current crop growth stage and prevailing weather conditions.","धार के लिए नवीनतम सलाह में किसी विशेष फसल की स्थिति का उल्लेख नहीं किया गया है। किसान नियमित फील्ड प्रबंधन कार्य करें—फसल की जरूरत के अनुसार समय पर सिंचाई करें, खेत को स्वच्छ रखने के लिए समय-समय पर निराई करें, और कीट या रोगों के किसी भी लक्षण की नज़र रखें। अपने फसल की वर्तमान विकास अवस्था और मौजूदा मौसम के अनुसार कृषि वैज्ञानिकों द्वारा सुझाए गए तकनीकों का पालन करें।",Farmers in Dhar are advised to avoid pre-season sowing. Cultivate early to medium maturing non-Bt or Bt cotton hybrids. Avoid sowing cotton in fields where cotton was grown last year to minimize pest and disease risks.,"धार में किसानों को प्री-सीजन बुवाई से बचने की सलाह दी जाती है। जल्दी से मध्यम अवधि तक पकने वाली नॉन-Bt या Bt कपास की हाइब्रिड किस्में उगाएं। ऐसे खेतों में बुवाई न करें जहाँ पिछले साल कपास की खेती हुई हो, ताकि कीट और रोगों का खतरा कम किया जा सके।"
Madhya Pradesh,Khandwa,6/16/2025,6/22/2025,"Field preparation is ongoing in most areas. Farmers are waiting for consistent monsoon showers, while some have just begun sowing after receiving initial rainfall. It is advised to ensure proper seed treatment, select suitable varieties based on soil conditions, and avoid sowing in dry soil. Continue field readiness activities as per local rainfall status.","खंडवा में अधिकांश क्षेत्रों में खेत की तैयारी जारी है। किसान नियमित मानसूनी बारिश की प्रतीक्षा कर रहे हैं, जबकि कुछ स्थानों पर वर्षा होने के बाद बुवाई शुरू कर दी गई है। किसानों को बीजों की उचित उपचार प्रक्रिया अपनाने, मिट्टी की प्रकृति के अनुसार उपयुक्त किस्मों का चयन करने और सूखी मिट्टी में बुवाई से बचने की सलाह दी जाती है। स्थानीय वर्षा की स्थिति के अनुसार भूमि की तैयारी जारी रखें।",Farmers in Khandwa are advised to avoid pre-season sowing. Grow early to medium maturing non-Bt or Bt cotton hybrids. Do not sow cotton in fields where cotton was cultivated last year to reduce pest and disease risk.,"खंडवा में किसानों को प्री-सीजन बुवाई से बचने की सलाह दी जाती है। जल्दी से मध्यम अवधि तक पकने वाली नॉन-Bt या Bt कपास की हाइब्रिड किस्में उगाएं। ऐसे खेतों में बुवाई न करें जहाँ पिछले वर्ष कपास की खेती हुई हो, ताकि कीट और रोगों का खतरा कम किया जा सके।"
Maharashtra,Akola,6/16/2025,6/22/2025,Land preparation is currently in progress across the region. Application of FYM (Farmyard Manure) and field levelling have been completed in many areas. Farmers are advised to wait for adequate rainfall before sowing. Ensure timely seed treatment and keep seeds and inputs ready for sowing once sufficient moisture is available.,"अकोला जिले में भूमि की तैयारी प्रगति पर है। अधिकांश क्षेत्रों में गोबर की खाद (FYM) का उपयोग और खेत समतलीकरण का कार्य पूरा कर लिया गया है। किसानों को सलाह दी जाती है कि वे पर्याप्त वर्षा की प्रतीक्षा करें, उसके बाद ही बुवाई करें। समय पर बीज उपचार करें और जैसे ही मिट्टी में पर्याप्त नमी उपलब्ध हो, बुवाई के लिए बीज एवं अन्य इनपुट्स तैयार रखें।","Farmers in Akola should start sowing only after receiving 75–100 mm of rainfall. Use short-duration Bt or non-Bt varieties for rainfed areas and medium to late-duration varieties for irrigated areas. Treat seeds with Carboxin + Thiram, Fluxapyroxad, or Tetraconazole. Apply biofertilizers like Azotobacter and PSB. Use Pendimethalin @700 ml per acre as a pre-emergence herbicide. Include greengram or blackgram as intercrops. Follow recommended spacing and fertilizer doses for optimal growth.","अकोला में किसानों को 75–100 मिमी वर्षा होने के बाद ही बुवाई शुरू करनी चाहिए। बारिश पर निर्भर क्षेत्रों के लिए जल्दी पकने वाली Bt या नॉन-Bt किस्में और सिंचाई वाले क्षेत्रों के लिए मध्यम से देर से पकने वाली किस्में उपयोग करें। बीजों का उपचार Carboxin + Thiram, Fluxapyroxad या Tetraconazole से करें। अजोताबैक्टर और PSB जैसे जैव उर्वरक का उपयोग करें। प्री-इमर्जेंस खरपतवार नियंत्रण के लिए पेंडिमेथालिन @700 मि.ली. प्रति एकड़ छिड़कें। ग्रीनग्राम या ब्लैकग्राम को अंतरवर्तीय फसल के रूप में लगाएं। उचित दूरी और उर्वरक मात्रा का पालन करें।"
Maharashtra,Rahuri,6/16/2025,6/22/2025,"The cotton crop is currently at the seedling stage, ranging from 1 to 15 days old. Gap filling is in progress to ensure uniform plant population. Field layout and related intercultural operations are ongoing. Farmers are advised to complete thinning and weeding timely and monitor the crop regularly for early signs of pest or disease.","राहुरी में कपास की फसल अभी अंकुरण अवस्था में है और आयु 1 से 15 दिनों के बीच है। पौधों की समानता बनाए रखने के लिए रिक्त स्थानों की भराई (गैप फिलिंग) की जा रही है। खेत का लेआउट और अन्य खेती से संबंधित कार्य जारी हैं। किसानों को समय पर間 पतली छंटाई (थिनिंग), निराई करने और कीट एवं रोगों के प्रारंभिक लक्षणों की निगरानी करने की सलाह दी जाती है।","Farmers in Rahuri should avoid early sowing. Follow the Akola advisory: start sowing after proper rainfall (75–100 mm), treat seeds with Carboxin + Thiram, Fluxapyroxad, or Tetraconazole. Include intercrops like greengram or blackgram. Raise trap crops such as cowpea, maize, Setaria, and marigold to help manage pests.","राहुरी में किसानों को जल्दी बुवाई से बचना चाहिए। अकोला की सलाह का पालन करें: उचित वर्षा (75–100 मिमी) के बाद बुवाई शुरू करें, बीजों का Carboxin + Thiram, Fluxapyroxad या Tetraconazole से उपचार करें। ग्रीनग्राम या ब्लैकग्राम को अंतरवर्तीय फसल के रूप में लगाएं। कीट नियंत्रण के लिए ट्रैप फसलें जैसे काबुली चना, मक्का, सेटेरिया और मैरीगोल्ड उगाएं।"
Maharashtra,Parbhani,6/16/2025,6/22/2025,"Crop-specific conditions are not mentioned in the latest advisory for Parbhani. Farmers should continue with routine crop care maintain timely irrigation, ensure fields are weed-free, and monitor vigilantly for any signs of pests or diseases. Adhere to recommended agronomic practices based on the crop’s growth stage and current weather patterns.","परभणी के लिए ताज़ा सलाह में किसी विशेष फसल की स्थिति का उल्लेख नहीं किया गया है। किसान नियमित फसल देखभाल कार्य करें—समय पर सिंचाई करें, खेतों को खरपतवार-मुक्त रखें, और कीट या रोगों के किसी भी लक्षण की सतर्क निगरानी करें। फसल की वृद्धि अवस्था और वर्तमान मौसम की स्थिति के अनुसार कृषि तकनीकों का पालन करें।","Farmers in Parbhani should start sowing only after receiving 75–100 mm of rainfall. Use short-duration Bt or non-Bt varieties for rainfed areas and medium to late-duration varieties for irrigated areas. Treat seeds with Carboxin + Thiram, Fluxapyroxad, or Tetraconazole. Apply biofertilizers such as Azotobacter and PSB. Use Pendimethalin @700 ml per acre as a pre-emergence herbicide. Include greengram or blackgram as intercrops. Follow recommended spacing and fertilizer doses.","परभणी में किसानों को 75–100 मिमी वर्षा होने के बाद ही बुवाई शुरू करनी चाहिए। बारिश पर निर्भर क्षेत्रों के लिए जल्दी पकने वाली Bt या नॉन-Bt किस्में और सिंचाई वाले क्षेत्रों के लिए मध्यम से देर से पकने वाली किस्में उपयोग करें। बीजों का उपचार Carboxin + Thiram, Fluxapyroxad या Tetraconazole से करें। अजोताबैक्टर और PSB जैसे जैव उर्वरकों का प्रयोग करें। प्री-इमर्जेंस खरपतवार नियंत्रण के लिए पेंडिमेथालिन @700 मि.ली. प्रति एकड़ छिड़कें। ग्रीनग्राम या ब्लैकग्राम को अंतरवर्तीय फसल के रूप में लगाएं। उचित दूरी और उर्वरक मात्रा का पालन करें।"
Maharashtra,Dhule,6/16/2025,6/22/2025,"Crop-specific conditions are not mentioned in the latest advisory for Dhule. Farmers should continue regular crop care practices ensure timely irrigation, maintain weed control, and monitor fields closely for any signs of pests or diseases. Follow agronomic measures suited to the crop’s current growth stage and prevailing weather conditions.","धुले के लिए ताज़ा सलाह में किसी विशेष फसल की स्थिति का उल्लेख नहीं किया गया है। किसान नियमित फसल देखभाल कार्य जारी रखें—समय पर सिंचाई करें, खेतों में खरपतवार नियंत्रण करें, और कीट या रोगों के लक्षणों की सतर्क निगरानी करें। फसल की वर्तमान विकास अवस्था और मौजूदा मौसम के अनुसार कृषि वैज्ञानिकों द्वारा सुझाए तरीकों का पालन करें।","Farmers in Dhule should start sowing only after receiving 75–100 mm of rainfall. Use short-duration Bt or non-Bt varieties for rainfed areas and medium to late-duration varieties for irrigated areas. Treat seeds with Carboxin + Thiram, Fluxapyroxad, or Tetraconazole. Apply biofertilizers like Azotobacter and PSB. Use Pendimethalin @700 ml per acre as a pre-emergence herbicide. Include greengram or blackgram as intercrops. Follow recommended spacing and fertilizer doses.","धुले में किसानों को 75–100 मिमी वर्षा होने के बाद ही बुवाई शुरू करनी चाहिए। बारिश पर निर्भर क्षेत्रों के लिए जल्दी पकने वाली Bt या नॉन-Bt किस्में और सिंचाई वाले क्षेत्रों के लिए मध्यम से देर से पकने वाली किस्में उपयोग करें। बीजों का उपचार Carboxin + Thiram, Fluxapyroxad या Tetraconazole से करें। अजोताबैक्टर और PSB जैसे जैव उर्वरक लगाएं। प्री-इमर्जेंस खरपतवार नियंत्रण के लिए पेंडिमेथालिन @700 मि.ली. प्रति एकड़ छिड़काव करें। ग्रीनग्राम या ब्लैकग्राम को अंतरवर्तीय फसल के रूप में लगाएं। उचित दूरी और उर्वरक मात्रा का पालन करें।"
Maharashtra,Nandurbar,6/16/2025,6/22/2025,"Crop-specific conditions are not mentioned in the latest advisory for Nandurbar. Farmers are advised to continue regular crop care measures maintain timely irrigation, manage weeds effectively, and closely monitor for any signs of pests or diseases. Follow agronomic practices suited to your crop’s current growth stage and stay tuned to local weather forecasts.","नंदुरबार के लिए नवीनतम सलाह में फसल की कोई विशिष्ट स्थिति उल्लेखित नहीं है। किसान नियमित फसल देखभाल कार्य जारी रखें—समय पर सिंचाई करें, खरपतवार प्रभावी रूप से नियंत्रित करें, और कीट या रोगों के किसी भी लक्षण की सतर्क निगरानी करें। अपनी फसल की विकास अवस्था और स्थानीय मौसम का ध्यान रखते हुए कृषि वैज्ञानिकों द्वारा सुझाए गए उपायों का पालन करें।","Farmers in Nandurbar should start sowing only after receiving 75–100 mm of rainfall. Use short-duration Bt or non-Bt varieties for rainfed areas and medium to late-duration varieties for irrigated areas. Treat seeds with Carboxin + Thiram, Fluxapyroxad, or Tetraconazole. Apply biofertilizers like Azotobacter and PSB. Use Pendimethalin @700 ml per acre as a pre-emergence herbicide. Include greengram or blackgram as intercrops. Follow recommended spacing and fertilizer doses.","नंदुरबार में किसानों को 75–100 मिमी वर्षा होने के बाद ही बुवाई शुरू करनी चाहिए। बारिश पर निर्भर क्षेत्रों के लिए जल्दी पकने वाली Bt या नॉन-Bt किस्में और सिंचाई वाले क्षेत्रों के लिए मध्यम से देर से पकने वाली किस्में उपयोग करें। बीजों का उपचार Carboxin + Thiram, Fluxapyroxad या Tetraconazole से करें। अजोताबैक्टर और PSB जैसे जैव उर्वरक लगाएं। प्री-इमर्जेंस खरपतवार नियंत्रण के लिए पेंडिमेथालिन @700 मि.ली. प्रति एकड़ छिड़काव करें। ग्रीनग्राम या ब्लैकग्राम को अंतरवर्तीय फसल के रूप में लगाएं। उचित दूरी और उर्वरक मात्रा का पालन करें।"
Maharashtra,Jalgaon,6/16/2025,6/22/2025,"Crop-specific conditions are not mentioned in the latest advisory for Jalgaon. Farmers are advised to continue standard crop care practices maintain timely irrigation, control weeds promptly, and monitor fields vigilantly for any signs of pests or diseases. Follow recommended agronomic measures tailored to the crop’s current growth stage and prevailing weather conditions.","जलगांव के लिए नवीनतम सलाह में किसी विशिष्ट फसल की अवस्था का उल्लेख नहीं किया गया है। किसान नियमित फसल देखभाल जारी रखें—समय से सिंचाई करें, खरपतवार समय पर हटाएं, और कीट या रोगों के संकेतों के लिए खेतों की सतर्क निगरानी करें। फसल की वर्तमान वृद्धि अवस्था और स्थानिक मौसम की स्थिति के अनुसार कृषि तकनीकों का पालन करें।","Farmers in Jalgaon should start sowing only after receiving 75–100 mm of rainfall. Use short-duration Bt or non-Bt varieties for rainfed areas and medium to late-duration varieties for irrigated areas. Treat seeds with Carboxin + Thiram, Fluxapyroxad, or Tetraconazole. Apply biofertilizers like Azotobacter and PSB. Use Pendimethalin @700 ml per acre as a pre-emergence herbicide. Include greengram or blackgram as intercrops. Follow recommended spacing and fertilizer doses.","जलगांव में किसानों को 75–100 मिमी वर्षा होने के बाद ही बुवाई शुरू करनी चाहिए। बारिश पर निर्भर क्षेत्रों के लिए जल्दी पकने वाली Bt या नॉन-Bt किस्में और सिंचाई वाले क्षेत्रों के लिए मध्यम से देर से पकने वाली किस्में उपयोग करें। बीजों का उपचार Carboxin + Thiram, Fluxapyroxad या Tetraconazole से करें। अजोताबैक्टर और PSB जैसे जैव उर्वरक लगाएं। प्री-इमर्जेंस खरपतवार नियंत्रण के लिए पेंडिमेथालिन @700 मि.ली. प्रति एकड़ छिड़काव करें। ग्रीनग्राम या ब्लैकग्राम को अंतरवर्तीय फसल के रूप में लगाएं। उचित दूरी और उर्वरक मात्रा का पालन करें।"
Maharashtra,Ahmednagar,6/16/2025,6/22/2025,"Crop-specific conditions are not mentioned in the latest advisory for Ahmednagar. Farmers are advised to continue regular crop management measures maintain timely irrigation, control weeds effectively, and monitor fields vigilantly for any signs of pests or diseases. Follow agronomic practices suited to the crop’s current growth stage and local weather conditions.","अहमदनगर के लिए ताज़ा सलाह में फसल की कोई विशेष स्थिति उल्लेखित नहीं है। किसान नियमित फसल देखभाल कार्य करें—समय पर सिंचाई करें, खरपतवार को प्रभावी रूप से नियंत्रित रखें और कीट या रोगों के किसी भी लक्षण की सतर्क निगरानी करें। फसल की मौजूदा विकास अवस्था और स्थानीय मौसम के अनुसार कृषि तरीकों का पालन करें।","Farmers in Ahmednagar should start sowing only after receiving 75–100 mm of rainfall. Use short-duration Bt or non-Bt varieties for rainfed areas and medium to late-duration varieties for irrigated areas. Treat seeds with Carboxin + Thiram, Fluxapyroxad, or Tetraconazole. Apply biofertilizers such as Azotobacter and PSB. Use Pendimethalin @700 ml per acre as a pre-emergence herbicide. Include greengram or blackgram as intercrops. Follow recommended spacing and fertilizer doses.","अहमदनगर में किसानों को 75–100 मिमी वर्षा होने के बाद ही बुवाई शुरू करनी चाहिए। बारिश पर निर्भर क्षेत्रों के लिए जल्दी पकने वाली Bt या नॉन-Bt किस्में और सिंचाई वाले क्षेत्रों के लिए मध्यम से देर से पकने वाली किस्में उपयोग करें। बीजों का उपचार Carboxin + Thiram, Fluxapyroxad या Tetraconazole से करें। अजोताबैक्टर और PSB जैसे जैव उर्वरक लगाएं। प्री-इमर्जेंस खरपतवार नियंत्रण के लिए पेंडिमेथालिन @700 मि.ली. प्रति एकड़ छिड़काव करें। ग्रीनग्राम या ब्लैकग्राम को अंतरवर्तीय फसल के रूप में लगाएं। उचित दूरी और उर्वरक मात्रा का पालन करें।"
Maharashtra,Aurangabad,6/16/2025,6/22/2025,"Crop-specific conditions are not mentioned in the latest advisory for Aurangabad. Farmers are advised to continue routine crop management practices maintain timely irrigation, ensure effective weed control, and monitor fields vigilantly for any signs of pest or disease. Implement agronomic measures appropriate to the crop's current growth stage and stay tuned to local weather updates.","औरंगाबाद के लिए नवीनतम सलाह में किसी विशेष फसल की स्थिति का उल्लेख नहीं किया गया है। किसान नियमित फसल प्रबंधन कार्य करें—समय पर सिंचाई करें, खरपतवार को प्रभावी रूप से नियंत्रित करें, और कीट या रोगों के किसी भी लक्षण की सतर्क निगरानी रखें। फसल की वर्तमान वृद्धि अवस्था और स्थानीय मौसम के अनुसार कृषि तकनीकों का पालन करें।","Farmers in Aurangabad should start sowing only after receiving 75–100 mm of rainfall. Use short-duration Bt or non-Bt varieties for rainfed areas and medium to late-duration varieties for irrigated areas. Treat seeds with Carboxin + Thiram, Fluxapyroxad, or Tetraconazole. Apply biofertilizers like Azotobacter and PSB. Use Pendimethalin @700 ml per acre as a pre-emergence herbicide. Include greengram or blackgram as intercrops. Follow recommended spacing and fertilizer doses.","औरंगाबाद में किसानों को 75–100 मिमी वर्षा होने के बाद ही बुवाई शुरू करनी चाहिए। बारिश पर निर्भर क्षेत्रों के लिए जल्दी पकने वाली Bt या नॉन-Bt किस्में और सिंचाई वाले क्षेत्रों के लिए मध्यम से देर से पकने वाली किस्में उपयोग करें। बीजों का उपचार Carboxin + Thiram, Fluxapyroxad या Tetraconazole से करें। अजोताबैक्टर और PSB जैसे जैव उर्वरक लगाएं। प्री-इमर्जेंस खरपतवार नियंत्रण के लिए पेंडिमेथालिन @700 मि.ली. प्रति एकड़ छिड़काव करें। ग्रीनग्राम या ब्लैकग्राम को अंतरवर्तीय फसल के रूप में लगाएं। उचित दूरी और उर्वरक मात्रा का पालन करें।"
Maharashtra,Jalna,6/16/2025,6/22/2025,"Crop-specific conditions are not mentioned in the latest advisory for Jalna. Farmers should continue with standard crop care practices ensure timely irrigation, maintain effective weed control, and remain vigilant for early signs of pests or diseases. Follow agronomic recommendations appropriate for the current growth stage of the crop and stay updated with local weather conditions.","जालना के लिए ताज़ा सलाह में किसी विशिष्ट फसल की अवस्था का उल्लेख नहीं किया गया है। किसान नियमित फसल देखभाल कार्य करें—समय पर सिंचाई करें, खरपतवार को प्रभावी रूप से नियंत्रित करें और प्रारंभिक कीट या रोगों के लक्षणों की सतर्क निगरानी रखें। फसल की वर्तमान विकास अवस्था और स्थानीय मौसम की स्थिति के अनुसार कृषि तकनीकों का पालन करें।","Farmers in Jalna should start sowing only after receiving 75–100 mm of rainfall. Use short-duration Bt or non-Bt varieties for rainfed areas and medium to late-duration varieties for irrigated areas. Treat seeds with Carboxin + Thiram, Fluxapyroxad, or Tetraconazole. Apply biofertilizers like Azotobacter and PSB. Use Pendimethalin @700 ml per acre as a pre-emergence herbicide. Include greengram or blackgram as intercrops. Follow recommended spacing and fertilizer doses.","जालना में किसानों को 75–100 मिमी वर्षा होने के बाद ही बुवाई शुरू करनी चाहिए। बारिश पर निर्भर क्षेत्रों के लिए जल्दी पकने वाली Bt या नॉन-Bt किस्में और सिंचाई वाले क्षेत्रों के लिए मध्यम से देर से पकने वाली किस्में उपयोग करें। बीजों का उपचार Carboxin + Thiram, Fluxapyroxad या Tetraconazole से करें। अजोताबैक्टर और PSB जैसे जैव उर्वरक लगाएं। प्री-इमर्जेंस खरपतवार नियंत्रण के लिए पेंडिमेथालिन @700 मि.ली. प्रति एकड़ छिड़काव करें। ग्रीनग्राम या ब्लैकग्राम को अंतरवर्तीय फसल के रूप में लगाएं। उचित दूरी और उर्वरक मात्रा का पालन करें।"
Maharashtra,Beed,6/16/2025,6/22/2025,"Crop-specific conditions are not mentioned in the latest advisory for Beed. Farmers should continue with standard crop care practices maintain timely irrigation, ensure fields are free from weeds, and monitor closely for any signs of pests or diseases. Follow agronomic recommendations suited to the crop’s current growth stage and local weather conditions.","बीड के लिए नवीनतम सलाह में किसी विशेष फसल की अवस्था का उल्लेख नहीं किया गया है। किसान नियमित फसल देखभाल कार्य करें—समय पर सिंचाई करें, खेतों को खरपतवार-मुक्त रखें, और कीट या रोगों के किसी भी लक्षण की सतर्क निगरानी करें। फसल की वर्तमान विकास अवस्था और स्थानीय मौसम के अनुसार कृषि तकनीकों का पालन करें।","Farmers in Beed should start sowing only after receiving 75–100 mm of rainfall. Use short-duration Bt or non-Bt varieties for rainfed areas and medium to late-duration varieties for irrigated areas. Treat seeds with Carboxin + Thiram, Fluxapyroxad, or Tetraconazole. Apply biofertilizers like Azotobacter and PSB. Use Pendimethalin @700 ml per acre as a pre-emergence herbicide. Include greengram or blackgram as intercrops. Follow recommended spacing and fertilizer doses.","बीड में किसानों को 75–100 मिमी वर्षा होने के बाद ही बुवाई शुरू करनी चाहिए। बारिश पर निर्भर क्षेत्रों के लिए जल्दी पकने वाली Bt या नॉन-Bt किस्में और सिंचाई वाले क्षेत्रों के लिए मध्यम से देर से पकने वाली किस्में उपयोग करें। बीजों का उपचार Carboxin + Thiram, Fluxapyroxad या Tetraconazole से करें। अजोताबैक्टर और PSB जैसे जैव उर्वरक लगाएं। प्री-इमर्जेंस खरपतवार नियंत्रण के लिए पेंडिमेथालिन @700 मि.ली. प्रति एकड़ छिड़काव करें। ग्रीनग्राम या ब्लैकग्राम को अंतरवर्तीय फसल के रूप में लगाएं। उचित दूरी और उर्वरक मात्रा का पालन करें।"
Maharashtra,Nanded,6/16/2025,6/22/2025,"Crop-specific conditions are not mentioned in the latest advisory for Nanded. Farmers should continue standard crop care practices maintain timely irrigation, keep fields free from weeds, and monitor vigilantly for any signs of pests or diseases. Follow agronomic recommendations suited to the crop’s current growth stage and local weather conditions.","नांदेड़ के लिए ताज़ा सलाह में किसी विशेष फसल की अवस्था का उल्लेख नहीं किया गया है। किसान नियमित फसल देखभाल कार्य करें—समय पर सिंचाई करें, खेतों को खरपतवार-मुक्त रखें, और कीट या रोगों के किसी आगमन संकेत की सतर्क निगरानी करें। फसल की वर्तमान विकास अवस्था और स्थानीय मौसम के अनुसार कृषि तकनीकों का पालन करें।","Farmers in Nanded should start sowing only after receiving 75–100 mm of rainfall. Use short-duration Bt or non-Bt varieties for rainfed areas and medium to late-duration varieties for irrigated areas. Treat seeds with Carboxin + Thiram, Fluxapyroxad, or Tetraconazole. Apply biofertilizers like Azotobacter and PSB. Use Pendimethalin @700 ml per acre as a pre-emergence herbicide. Include greengram or blackgram as intercrops. Follow recommended spacing and fertilizer doses.","नांदेड में किसानों को 75–100 मिमी वर्षा होने के बाद ही बुवाई शुरू करनी चाहिए। बारिश पर निर्भर क्षेत्रों के लिए जल्दी पकने वाली Bt या नॉन-Bt किस्में और सिंचाई वाले क्षेत्रों के लिए मध्यम से देर से पकने वाली किस्में उपयोग करें। बीजों का उपचार Carboxin + Thiram, Fluxapyroxad या Tetraconazole से करें। अजोताबैक्टर और PSB जैसे जैव उर्वरक लगाएं। प्री-इमर्जेंस खरपतवार नियंत्रण के लिए पेंडिमेथालिन @700 मि.ली. प्रति एकड़ छिड़काव करें। ग्रीनग्राम या ब्लैकग्राम को अंतरवर्तीय फसल के रूप में लगाएं। उचित दूरी और उर्वरक मात्रा का पालन करें।"
Maharashtra,Hingoli,6/16/2025,6/22/2025,"Crop-specific conditions are not mentioned in the latest advisory for Hingoli. Farmers should continue standard crop care practices maintain timely irrigation, keep fields free from weeds, and monitor vigilantly for any signs of pests or diseases. Follow agronomic recommendations suited to the crop’s current growth stage and local weather conditions.","हिंगोली के लिए ताज़ा सलाह में किसी विशेष फसल की अवस्था का उल्लेख नहीं किया गया है। किसान नियमित फसल देखभाल कार्य करें—समय पर सिंचाई करें, खेतों को खरपतवार-मुक्त रखें, और कीट या रोगों के किसी आगमन संकेत की सतर्क निगरानी करें। फसल की वर्तमान विकास अवस्था और स्थानीय मौसम के अनुसार कृषि तकनीकों का पालन करें।","Farmers in Hingoli should start sowing only after receiving 75–100 mm of rainfall. Use short-duration Bt or non-Bt varieties for rainfed areas and medium to late-duration varieties for irrigated areas. Treat seeds with Carboxin + Thiram, Fluxapyroxad, or Tetraconazole. Apply biofertilizers like Azotobacter and PSB. Use Pendimethalin @700 ml per acre as a pre-emergence herbicide. Include greengram or blackgram as intercrops. Follow recommended spacing and fertilizer doses.","हिंगोली में किसानों को 75–100 मिमी वर्षा होने के बाद ही बुवाई शुरू करनी चाहिए। बारिश पर निर्भर क्षेत्रों के लिए जल्दी पकने वाली Bt या नॉन-Bt किस्में और सिंचाई वाले क्षेत्रों के लिए मध्यम से देर से पकने वाली किस्में उपयोग करें। बीजों का उपचार Carboxin + Thiram, Fluxapyroxad या Tetraconazole से करें। अजोताबैक्टर और PSB जैसे जैव उर्वरक लगाएं। प्री-इमर्जेंस खरपतवार नियंत्रण के लिए पेंडिमेथालिन @700 मि.ली. प्रति एकड़ छिड़काव करें। ग्रीनग्राम या ब्लैकग्राम को अंतरवर्तीय फसल के रूप में लगाएं। उचित दूरी और उर्वरक मात्रा का पालन करें।"
Maharashtra,Buldhana,6/16/2025,6/22/2025,"Crop-specific conditions are not mentioned in the latest advisory for Buldhana. Farmers should continue with standard crop care practices maintain timely irrigation, keep fields free from weeds, and monitor vigilantly for any signs of pests or diseases. Follow agronomic recommendations suited to the crop’s current growth stage and local weather conditions.","बुलढाणा के लिए ताज़ा सलाह में किसी विशेष फसल की अवस्था का उल्लेख नहीं किया गया है। किसान नियमित फसल देखभाल कार्य करें—समय पर सिंचाई करें, खेतों को खरपतवार-मुक्त रखें, और कीट या रोगों के किसी आगमन संकेत की सतर्क निगरानी करें। फसल की वर्तमान विकास अवस्था और स्थानीय मौसम के अनुसार कृषि तकनीकों का पालन करें।","Farmers in Buldhana should start sowing only after receiving 75–100 mm of rainfall. Use short-duration Bt or non-Bt varieties for rainfed areas and medium to late-duration varieties for irrigated areas. Treat seeds with Carboxin + Thiram, Fluxapyroxad, or Tetraconazole. Apply biofertilizers like Azotobacter and PSB. Use Pendimethalin @700 ml per acre as a pre-emergence herbicide. Include greengram or blackgram as intercrops. Follow recommended spacing and fertilizer doses.","बुलढाणा में किसानों को 75–100 मिमी वर्षा होने के बाद ही बुवाई शुरू करनी चाहिए। बारिश पर निर्भर क्षेत्रों के लिए जल्दी पकने वाली Bt या नॉन-Bt किस्में और सिंचाई वाले क्षेत्रों के लिए मध्यम से देर से पकने वाली किस्में उपयोग करें। बीजों का उपचार Carboxin + Thiram, Fluxapyroxad या Tetraconazole से करें। अजोताबैक्टर और PSB जैसे जैव उर्वरक लगाएं। प्री-इमर्जेंस खरपतवार नियंत्रण के लिए पेंडिमेथालिन @700 मि.ली. प्रति एकड़ छिड़काव करें। ग्रीनग्राम या ब्लैकग्राम को अंतरवर्तीय फसल के रूप में लगाएं। उचित दूरी और उर्वरक मात्रा का पालन करें।"
Maharashtra,Washim,6/16/2025,6/22/2025,"Crop-specific conditions are not mentioned in the latest advisory for Washim. Farmers should continue with standard crop care practices maintain timely irrigation, keep fields free from weeds, and monitor vigilantly for any signs of pests or diseases. Follow agronomic recommendations suited to the crop’s current growth stage and local weather conditions.","वाशिम के लिए ताज़ा सलाह में किसी विशेष फसल की अवस्था का उल्लेख नहीं किया गया है। किसान नियमित फसल देखभाल कार्य करें—समय पर सिंचाई करें, खेतों को खरपतवार-मुक्त रखें, और कीट या रोगों के किसी आगमन संकेत की सतर्क निगरानी करें। फसल की वर्तमान विकास अवस्था और स्थानीय मौसम के अनुसार कृषि तकनीकों का पालन करें।","Farmers in Washim should start sowing only after receiving 75–100 mm of rainfall. For rainfed areas, use short-duration Bt or non-Bt varieties, and for irrigated areas, opt for medium to late-duration varieties. Treat seeds with Carboxin + Thiram, Fluxapyroxad, or Tetraconazole. Apply biofertilizers like Azotobacter and PSB. Use Pendimethalin @700 ml per acre as a pre-emergence herbicide. Include greengram or blackgram as intercrops. Follow the recommended spacing and fertilizer doses for optimal growth.","वाशीम में किसानों को 75–100 मिमी वर्षा होने के बाद ही बुवाई शुरू करनी चाहिए। बारिश पर निर्भर क्षेत्रों के लिए जल्दी पकने वाली Bt या नॉन-Bt किस्में और सिंचाई वाले क्षेत्रों के लिए मध्यम से देर से पकने वाली किस्में उपयोग करें। बीजों का उपचार Carboxin + Thiram, Fluxapyroxad या Tetraconazole से करें। अजोताबैक्टर और PSB जैसे जैव उर्वरक लगाएं। प्री-इमर्जेंस खरपतवार नियंत्रण के लिए पेंडिमेथालिन @700 मि.ली. प्रति एकड़ छिड़काव करें। ग्रीनग्राम या ब्लैकग्राम को अंतरवर्तीय फसल के रूप में लगाएं। उचित दूरी और उर्वरक मात्रा का पालन करें।"
Maharashtra,Amravati,6/16/2025,6/22/2025,"Crop-specific conditions are not mentioned in the latest advisory for Amravati. Farmers should continue standard crop care practices maintain timely irrigation, keep fields free from weeds, and monitor vigilantly for any signs of pests or diseases. Follow agronomic recommendations suited to the crop’s current growth stage and local weather conditions.","अमरावती के लिए ताज़ा सलाह में किसी विशेष फसल की अवस्था का उल्लेख नहीं किया गया है। किसान नियमित फसल देखभाल कार्य करें—समय पर सिंचाई करें, खेतों को खरपतवार-मुक्त रखें, और कीट या रोगों के किसी आगमन संकेत की सतर्क निगरानी करें। फसल की वर्तमान विकास अवस्था और स्थानीय मौसम के अनुसार कृषि तकनीकों का पालन करें।","Farmers in Amravati should start sowing only after receiving 75–100 mm of rainfall. Use short-duration Bt or non-Bt varieties for rainfed areas and medium to late-duration varieties for irrigated areas. Treat seeds with Carboxin + Thiram, Fluxapyroxad, or Tetraconazole. Add Azotobacter and PSB as biofertilizers. Apply Pendimethalin @700 ml per acre as a pre-emergence herbicide. Include greengram or blackgram as intercrops. Ensure to follow the recommended spacing and fertilizer doses for healthy crop growth.","अमरावती में किसानों को 75–100 मिमी वर्षा होने के बाद ही बुवाई शुरू करनी चाहिए। बारिश पर निर्भर क्षेत्रों के लिए जल्दी पकने वाली Bt या नॉन-Bt किस्में और सिंचाई वाले क्षेत्रों के लिए मध्यम से देर से पकने वाली किस्में उपयोग करें। बीजों का उपचार Carboxin + Thiram, Fluxapyroxad या Tetraconazole से करें। अजोताबैक्टर और PSB जैसे जैव उर्वरक डालें। प्री-इमर्जेंस खरपतवार नियंत्रण के लिए पेंडिमेथालिन @700 मि.ली. प्रति एकड़ छिड़काव करें। ग्रीनग्राम या ब्लैकग्राम को अंतरवर्तीय फसल के रूप में लगाएं। उचित दूरी और उर्वरक मात्रा का पालन करें ताकि फसल स्वस्थ रूप से विकसित हो।"
Maharashtra,Yavatmal,6/16/2025,6/22/2025,"Crop-specific conditions are not mentioned in the latest advisory for Yavatmal. Farmers should continue with routine crop care practices ensure timely irrigation, maintain weed-free fields, and regularly monitor for early signs of pests or diseases. Follow agronomic practices appropriate to the current crop stage and local weather conditions.","यवतमाल के लिए ताज़ा सलाह में किसी विशेष फसल की स्थिति का उल्लेख नहीं किया गया है। किसान नियमित फसल देखभाल कार्य करें—समय पर सिंचाई करें, खेत को खरपतवार-मुक्त रखें, और कीट या रोगों के प्रारंभिक लक्षणों की नियमित निगरानी करें। फसल की वर्तमान अवस्था और स्थानीय मौसम की स्थिति के अनुसार कृषि तकनीकों का पालन करें।","Farmers in Yavatmal should start sowing only after receiving 75–100 mm of rainfall. Use short-duration Bt or non-Bt varieties for rainfed areas and medium to late-duration varieties for irrigated areas. Treat seeds with Carboxin + Thiram, Fluxapyroxad, or Tetraconazole. Apply biofertilizers like Azotobacter and PSB. Use Pendimethalin @700 ml per acre as a pre-emergence herbicide. Include greengram or blackgram as intercrops. Ensure proper spacing and follow the recommended fertilizer doses for healthy crop growth.","यवतमाल में किसानों को 75–100 मिमी वर्षा होने के बाद ही बुवाई शुरू करनी चाहिए। बारिश पर निर्भर क्षेत्रों के लिए जल्दी पकने वाली Bt या नॉन-Bt किस्में और सिंचाई वाले क्षेत्रों के लिए मध्यम से देर से पकने वाली किस्में उपयोग करें। बीजों का उपचार Carboxin + Thiram, Fluxapyroxad या Tetraconazole से करें। अजोताबैक्टर और PSB जैसे जैव उर्वरक डालें। प्री-इमर्जेंस खरपतवार नियंत्रण के लिए पेंडिमेथालिन @700 मि.ली. प्रति एकड़ छिड़काव करें। ग्रीनग्राम या ब्लैकग्राम को अंतरवर्तीय फसल के रूप में लगाएं। उचित दूरी और उर्वरक मात्रा का पालन करें ताकि फसल स्वस्थ रूप से विकसित हो।"
Maharashtra,Wardha,6/16/2025,6/22/2025,"Crop-specific conditions are not mentioned in the latest advisory for Wardha. Farmers should continue with standard crop management practices ensure timely irrigation, keep fields clean and free of weeds, and regularly monitor for any signs of pests or diseases. Adopt agronomic recommendations suited to the crop’s growth stage and the prevailing weather conditions.","वर्धा के लिए ताज़ा सलाह में किसी विशेष फसल की स्थिति का उल्लेख नहीं किया गया है। किसान नियमित फसल प्रबंधन कार्य करें—समय पर सिंचाई करें, खेत को साफ और खरपतवार-मुक्त रखें, और कीट या रोगों के किसी भी लक्षण की नियमित निगरानी करें। फसल की वृद्धि अवस्था और मौजूदा मौसम के अनुसार कृषि तकनीकों का पालन करें।","Farmers in Wardha should begin sowing only after receiving 75–100 mm of rainfall. For rainfed areas, use short-duration Bt or non-Bt varieties, and for irrigated areas, opt for medium to late-duration varieties. Treat seeds with Carboxin + Thiram, Fluxapyroxad, or Tetraconazole. Add biofertilizers like Azotobacter and PSB to enhance soil health. Apply Pendimethalin @700 ml per acre as a pre-emergence herbicide. Incorporate greengram or blackgram as intercrops. Follow the recommended spacing and fertilizer doses for optimal growth and yield.","वर्धा में किसानों को 75–100 मिमी वर्षा होने के बाद ही बुवाई शुरू करनी चाहिए। बारिश पर निर्भर क्षेत्रों के लिए जल्दी पकने वाली Bt या नॉन-Bt किस्में और सिंचाई वाले क्षेत्रों के लिए मध्यम से देर से पकने वाली किस्में उपयोग करें। बीजों का उपचार Carboxin + Thiram, Fluxapyroxad या Tetraconazole से करें। अजोताबैक्टर और PSB जैसे जैव उर्वरक डालें ताकि मिट्टी की सेहत बेहतर हो। प्री-इमर्जेंस खरपतवार नियंत्रण के लिए पेंडिमेथालिन @700 मि.ली. प्रति एकड़ छिड़काव करें। ग्रीनग्राम या ब्लैकग्राम को अंतरवर्तीय फसल के रूप में लगाएं। उचित दूरी और उर्वरक मात्रा का पालन करें ताकि फसल बेहतर तरीके से विकसित हो और अधिक पैदावार मिले।"
Maharashtra,Nagpur,6/16/2025,6/22/2025,"Crop-specific conditions are not mentioned in the latest advisory for Nagpur. Farmers are advised to continue standard crop care practices carry out timely irrigation, maintain weed-free fields, and observe crops regularly for any signs of pests or diseases. Follow agronomic practices appropriate to the current growth stage and weather conditions in the region.","नागपुर के लिए ताज़ा सलाह में किसी विशेष फसल की स्थिति का उल्लेख नहीं किया गया है। किसानों को नियमित फसल देखभाल कार्य जारी रखने की सलाह दी जाती है—समय पर सिंचाई करें, खेत को खरपतवार-मुक्त रखें, और कीट या रोगों के लक्षणों के लिए फसलों की नियमित निगरानी करें। फसल की वर्तमान अवस्था और क्षेत्र के मौसम के अनुसार कृषि तकनीकों का पालन करें।","Farmers in Nagpur should begin sowing after receiving 75–100 mm of rainfall. For rainfed areas, use short-duration Bt or non-Bt varieties, and for irrigated areas, select medium to late-duration varieties. Treat seeds with Carboxin + Thiram, Fluxapyroxad, or Tetraconazole to protect against soil-borne diseases. Add biofertilizers like Azotobacter and PSB to enhance soil fertility. Apply Pendimethalin @700 ml per acre as a pre-emergence herbicide for better weed control. Incorporate greengram or blackgram as intercrops for improved soil health. Follow the recommended spacing and fertilizer doses for optimal growth and yield.","नागपुर में किसानों को 75–100 मिमी वर्षा होने के बाद ही बुवाई शुरू करनी चाहिए। बारिश पर निर्भर क्षेत्रों के लिए जल्दी पकने वाली Bt या नॉन-Bt किस्में और सिंचाई वाले क्षेत्रों के लिए मध्यम से देर से पकने वाली किस्में उपयोग करें। बीजों का उपचार Carboxin + Thiram, Fluxapyroxad या Tetraconazole से करें ताकि मिट्टी में पाए जाने वाले रोगों से बचाव हो सके। अजोताबैक्टर और PSB जैसे जैव उर्वरक डालें जिससे मिट्टी की उर्वरता बढ़े। प्री-इमर्जेंस खरपतवार नियंत्रण के लिए पेंडिमेथालिन @700 मि.ली. प्रति एकड़ छिड़काव करें। ग्रीनग्राम या ब्लैकग्राम को अंतरवर्तीय फसल के रूप में लगाएं ताकि मिट्टी की सेहत बेहतर हो सके। उचित दूरी और उर्वरक मात्रा का पालन करें ताकि फसल का उत्पादन अधिक और बेहतर हो।"
Maharashtra,Chandrapur,6/16/2025,6/22/2025,"Crop-specific conditions are not mentioned in the latest advisory for Chandrapur. Farmers should continue with standard crop care practices ensure timely irrigation, keep the fields free from weeds, and monitor regularly for any early signs of pests or diseases. Adopt appropriate agronomic practices based on the crop’s growth stage and local weather conditions.","चंद्रपुर के लिए ताज़ा सलाह में किसी विशेष फसल की स्थिति का उल्लेख नहीं किया गया है। किसान नियमित फसल देखभाल कार्य जारी रखें—समय पर सिंचाई करें, खेत को खरपतवार-मुक्त रखें, और कीट या रोगों के प्रारंभिक लक्षणों की नियमित निगरानी करें। फसल की वृद्धि अवस्था और स्थानीय मौसम की स्थिति के अनुसार उपयुक्त कृषि तकनीकों को अपनाएं।","Farmers in Chandrapur should start sowing only after receiving 75–100 mm of rainfall. For rainfed areas, use short-duration Bt or non-Bt varieties, and for irrigated areas, opt for medium to late-duration varieties. Treat seeds with Carboxin + Thiram, Fluxapyroxad, or Tetraconazole to protect against fungal and bacterial diseases. Apply Azotobacter and PSB as biofertilizers to improve soil fertility. Use Pendimethalin @700 ml per acre as a pre-emergence herbicide to control weeds effectively. Consider including greengram or blackgram as intercrops for better soil health. Ensure proper spacing and adhere to recommended fertilizer doses for optimal growth and yield.","चंद्रपुर में किसानों को 75–100 मिमी वर्षा होने के बाद ही बुवाई शुरू करनी चाहिए। बारिश पर निर्भर क्षेत्रों के लिए जल्दी पकने वाली Bt या नॉन-Bt किस्में और सिंचाई वाले क्षेत्रों के लिए मध्यम से देर से पकने वाली किस्में उपयोग करें। बीजों का उपचार Carboxin + Thiram, Fluxapyroxad या Tetraconazole से करें ताकि कवक और बैक्टीरियल रोगों से बचाव हो सके। अजोताबैक्टर और PSB जैसे जैव उर्वरक डालें जिससे मिट्टी की उर्वरता बढ़े। प्री-इमर्जेंस खरपतवार नियंत्रण के लिए पेंडिमेथालिन @700 मि.ली. प्रति एकड़ छिड़काव करें। ग्रीनग्राम या ब्लैकग्राम को अंतरवर्तीय फसल के रूप में लगाएं ताकि मिट्टी की सेहत बेहतर हो सके। उचित दूरी और उर्वरक मात्रा का पालन करें ताकि फसल का उत्पादन अधिक और बेहतर हो।"
Telangana,Adilabad,6/16/2025,6/22/2025,"Land preparation has been completed in most areas of Adilabad. Farmers are currently waiting for adequate and consistent rainfall before beginning sowing operations. It is advised to complete seed treatment in advance, select appropriate seed varieties based on soil type, and keep all inputs ready. Avoid sowing in dry soil and begin only when sufficient moisture is available.","आदिलाबाद जिले के अधिकांश क्षेत्रों में भूमि की तैयारी पूरी हो चुकी है। किसान वर्तमान में बुवाई शुरू करने से पहले पर्याप्त और नियमित वर्षा की प्रतीक्षा कर रहे हैं। किसानों को सलाह दी जाती है कि वे पहले से बीज उपचार पूरा कर लें, मिट्टी की प्रकृति के अनुसार उपयुक्त किस्मों का चयन करें और सभी इनपुट्स तैयार रखें। सूखी मिट्टी में बुवाई से बचें और केवल जब मिट्टी में पर्याप्त नमी हो तभी बुवाई करें।",Farmers in Adilabad are advised to take up deep summer ploughing to eliminate pink bollworm pupae and weed seeds. This will help reduce pest populations and prepare the field for better crop health. Avoid sowing until 75–100 mm of rainfall is received to ensure optimal soil moisture and better germination.,"अदिलाबाद में किसानों को गुलाबी बॉलवॉर्म के प्यूपे और खरपतवार के बीज नष्ट करने के लिए गहरी ग्रीष्मकालीन जुताई करने की सलाह दी जाती है। इससे कीटों की जनसंख्या कम करने और फसलों की बेहतर सेहत के लिए खेत तैयार करने में मदद मिलेगी। 75–100 मिमी वर्षा प्राप्त होने तक बुवाई से बचें, ताकि मिट्टी में उचित नमी हो और अंकुरण बेहतर हो सके।"
Telangana,Warangal,6/16/2025,6/22/2025,"Field preparation has been completed in Warangal, but sowing has not yet begun. Farmers are advised to wait for adequate and uniform rainfall before starting sowing. Ensure timely seed treatment, select crop varieties suitable to the soil type, and keep all necessary inputs ready. Avoid sowing in dry soil and begin operations only when sufficient soil moisture is available.","वारंगल में खेत की तैयारी पूरी हो चुकी है, लेकिन बुवाई अभी शुरू नहीं हुई है। किसानों को सलाह दी जाती है कि वे बुवाई शुरू करने से पहले पर्याप्त और समान वर्षा की प्रतीक्षा करें। समय पर बीज उपचार करें, मिट्टी की प्रकृति के अनुसार उपयुक्त फसल किस्मों का चयन करें और सभी आवश्यक इनपुट्स तैयार रखें। सूखी मिट्टी में बुवाई से बचें और केवल जब मिट्टी में पर्याप्त नमी हो तभी बुवाई करें।","Farmers in Warangal are advised to practice crop rotation every 2–3 seasons to maintain soil health and reduce pest buildup. Deep ploughing should be done, and Farm Yard Manure (FYM) should be incorporated to enhance soil fertility. Sowing should only be done after receiving 80–100 mm of rainfall to ensure sufficient soil moisture. Select hybrid varieties based on the soil type for optimal growth and yield.","वारंगल में किसानों को 2–3 मौसम में फसल चक्रीकरण करने की सलाह दी जाती है, ताकि मिट्टी की सेहत बनी रहे और कीटों की संख्या कम हो। गहरी जुताई करनी चाहिए और खाद (FYM) को मिट्टी में मिलाना चाहिए ताकि मिट्टी की उर्वरक क्षमता बढ़ सके। बुवाई केवल 80–100 मिमी वर्षा प्राप्त होने के बाद ही करें, ताकि मिट्टी में पर्याप्त नमी हो। उचित वृद्धि और पैदावार के लिए मिट्टी के प्रकार के आधार पर हाइब्रिड किस्में चुनें।"
Telangana,Khammam,6/16/2025,6/22/2025,"Crop-specific conditions are not mentioned in the latest advisory for Khammam. Farmers should continue with routine crop management practices ensure timely irrigation, keep the fields free from weeds, and monitor regularly for early signs of pests or diseases. Follow agronomic recommendations appropriate to the current crop growth stage and prevailing weather conditions.","खम्मम के लिए ताज़ा सलाह में किसी विशेष फसल की स्थिति का उल्लेख नहीं किया गया है। किसान नियमित फसल प्रबंधन कार्य करें—समय पर सिंचाई करें, खेत को खरपतवार-मुक्त रखें, और कीट या रोगों के प्रारंभिक लक्षणों की नियमित निगरानी करें। फसल की वर्तमान वृद्धि अवस्था और मौजूदा मौसम के अनुसार कृषि तकनीकों का पालन करें।","Farmers in Khammam are advised to avoid sowing until sufficient rainfall (75–100 mm) is received. Prepare the land by incorporating Farm Yard Manure (FYM) to improve soil fertility. Seed treatment with Carboxin + Thiram, Fluxapyroxad, or Tetraconazole is recommended to protect against seed-borne diseases. Proper field preparation and moisture conservation will ensure better crop establishment when sowing is done.","खम्मम में किसानों को 75–100 मिमी वर्षा प्राप्त होने तक बुवाई से बचने की सलाह दी जाती है। खेत की तैयारी के दौरान खाद (FYM) का उपयोग करके मिट्टी की उर्वरक क्षमता बढ़ाएं। बीजों का उपचार Carboxin + Thiram, Fluxapyroxad या Tetraconazole से करें, ताकि बीजों से होने वाली बीमारियों से बचाव हो सके। खेत की उचित तैयारी और नमी का संरक्षण फसल की बेहतर स्थापना में मदद करेगा।"
Telangana,Karimnagar,6/16/2025,6/22/2025,"Crop-specific conditions are not mentioned in the latest advisory for Karimnagar. Farmers are advised to continue with standard crop care practices carry out timely irrigation, maintain weed-free fields, and monitor regularly for any signs of pests or diseases. Follow recommended agronomic practices suitable for the crop's current growth stage and local weather conditions.","करीमनगर के लिए ताज़ा सलाह में किसी विशेष फसल की स्थिति का उल्लेख नहीं किया गया है। किसानों को नियमित फसल देखभाल कार्य जारी रखने की सलाह दी जाती है—समय पर सिंचाई करें, खेत को खरपतवार-मुक्त रखें, और कीट या रोगों के किसी भी लक्षण की नियमित निगरानी करें। फसल की वर्तमान वृद्धि अवस्था और स्थानीय मौसम की स्थिति के अनुसार अनुशंसित कृषि तकनीकों का पालन करें।","Farmers in Karimnagar are advised to avoid sowing until adequate rainfall of 75–100 mm is received. Ensure proper soil preparation by incorporating Farm Yard Manure (FYM) to improve soil fertility. Follow the recommended seed treatment with Carboxin + Thiram, Fluxapyroxad, or Tetraconazole for disease protection. Adequate rainfall and soil management will promote healthy crop growth once sowing begins.","करीमनगर में किसानों को 75–100 मिमी वर्षा प्राप्त होने तक बुवाई से बचने की सलाह दी जाती है। खेत की उचित तैयारी के लिए खाद (FYM) का उपयोग करके मिट्टी की उर्वरक क्षमता को बढ़ाएं। बीजों का उपचार Carboxin + Thiram, Fluxapyroxad या Tetraconazole से करें, ताकि फसल को बीमारियों से सुरक्षा मिल सके। पर्याप्त वर्षा और मिट्टी का प्रबंधन फसल की स्वस्थ वृद्धि को बढ़ावा देगा जब बुवाई की जाएगी।"
Telangana,Mahabubnagar,6/16/2025,6/22/2025,"Crop-specific conditions are not mentioned in the latest advisory for Mahabubnagar. Farmers should continue with routine crop care practices ensure timely irrigation, keep fields free from weeds, and monitor regularly for early signs of pests or diseases. Follow agronomic practices suitable for the crop’s current stage and prevailing weather conditions.","महबूबनगर के लिए ताज़ा सलाह में किसी विशेष फसल की स्थिति का उल्लेख नहीं किया गया है। किसान नियमित फसल देखभाल कार्य करें—समय पर सिंचाई करें, खेत को खरपतवार-मुक्त रखें, और कीट या रोगों के प्रारंभिक लक्षणों की नियमित निगरानी करें। फसल की वर्तमान अवस्था और मौजूदा मौसम के अनुसार कृषि तकनीकों का पालन करें।","Farmers in Mahabubnagar should wait for optimal rainfall of 75–100 mm before sowing. Ensure proper soil preparation by deep ploughing to kill pest larvae and weed seeds. Practice pest management and seed treatment with Carboxin + Thiram, Fluxapyroxad, or Tetraconazole. These steps will help improve crop health and ensure a good start to the growing season once rainfall conditions are favorable.","महबूबनगर में किसानों को 75–100 मिमी वर्षा प्राप्त होने तक बुवाई से बचने की सलाह दी जाती है। उचित मिट्टी की तैयारी के लिए गहरी जुताई करें, ताकि कीटों के लार्वा और खरपतवार के बीज मारे जा सकें। कीट प्रबंधन और बीजों का उपचार Carboxin + Thiram, Fluxapyroxad या Tetraconazole से करें। ये कदम फसल की सेहत को सुधारने में मदद करेंगे और वर्षा की अनुकूल स्थिति आने पर फसल की अच्छी शुरुआत सुनिश्चित करेंगे।"
Andhra Pradesh,Guntur,6/16/2025,6/22/2025,"In Guntur, sowing has not yet started and will begin only after receiving sufficient and consistent rainfall. Farmers are advised to complete all seed treatment processes in advance, select appropriate crop varieties based on soil type, and keep inputs ready. Avoid sowing in dry conditions and begin operations only when adequate soil moisture is available.","गुंटूर में बुवाई अभी शुरू नहीं हुई है और यह पर्याप्त तथा नियमित वर्षा के प्राप्त होने के बाद ही शुरू की जाएगी। किसानों को सलाह दी जाती है कि वे पहले से बीज उपचार की सभी प्रक्रियाएं पूरी कर लें, मिट्टी की प्रकृति के अनुसार उपयुक्त फसल किस्मों का चयन करें और सभी इनपुट्स तैयार रखें। सूखी स्थिति में बुवाई से बचें और केवल जब मिट्टी में पर्याप्त नमी हो तभी बुवाई करें।","Farmers in Guntur should wait for adequate monsoon rainfall before starting sowing operations. In the meantime, prepare the fields by ploughing and ensure that all necessary inputs, such as seeds, fertilizers, and pesticides, are arranged in advance. This will help you begin sowing at the right time and ensure healthy crop growth once the rains arrive.","गुंटूर में किसानों को बुवाई शुरू करने से पहले पर्याप्त मॉनसून वर्षा का इंतजार करना चाहिए। इस बीच, खेतों की जुताई कर तैयार करें और सुनिश्चित करें कि सभी आवश्यक इनपुट जैसे बीज, उर्वरक और कीटनाशक पहले से ही उपलब्ध हों। यह आपको सही समय पर बुवाई शुरू करने और वर्षा के आने पर स्वस्थ फसल विकास सुनिश्चित करने में मदद करेगा।"
Andhra Pradesh,Prakasam,6/16/2025,6/22/2025,"In Prakasam, sowing is yet to begin and will commence only after sufficient and uniform rainfall is received. Farmers are advised to complete seed treatment in advance, choose suitable crop varieties based on soil conditions, and keep all required inputs ready. Avoid sowing in dry soil and initiate sowing only when adequate soil moisture is available.","प्रकाशम में बुवाई अभी शुरू नहीं हुई है और यह पर्याप्त तथा समान रूप से वर्षा होने के बाद ही शुरू की जाएगी। किसानों को सलाह दी जाती है कि वे बीज उपचार पहले से कर लें, मिट्टी की प्रकृति के अनुसार उपयुक्त फसल किस्मों का चयन करें और आवश्यक इनपुट्स तैयार रखें। सूखी मिट्टी में बुवाई से बचें और केवल जब मिट्टी में पर्याप्त नमी हो तभी बुवाई करें।","Farmers in Prakasam should begin sowing only after receiving sufficient rainfall. In the meantime, prepare the land and ensure that all necessary inputs, such as seeds, fertilizers, and pesticides, are ready for timely sowing once the rain arrives. Early preparation will help ensure a smooth and efficient sowing process.","प्रकाशम में किसानों को बुवाई केवल पर्याप्त वर्षा प्राप्त होने के बाद ही शुरू करनी चाहिए। इस बीच, खेतों की तैयारी करें और यह सुनिश्चित करें कि सभी आवश्यक इनपुट जैसे बीज, उर्वरक और कीटनाशक पहले से ही तैयार हों ताकि वर्षा के बाद बुवाई समय पर की जा सके। पहले से तैयारी करने से बुवाई प्रक्रिया सुचारु और प्रभावी होगी।"
Andhra Pradesh,Nandyal,6/16/2025,6/22/2025,"In Nandyal, sowing has not yet commenced and will begin only after receiving adequate and consistent rainfall. Farmers are advised to carry out seed treatment beforehand, select suitable crop varieties based on soil conditions, and keep all necessary inputs ready. Avoid sowing in dry soil and initiate sowing only when sufficient moisture is available in the field.","नंद्याल में बुवाई अभी शुरू नहीं हुई है और यह पर्याप्त तथा नियमित वर्षा के बाद ही शुरू की जाएगी। किसानों को सलाह दी जाती है कि वे पहले से बीज उपचार करें, मिट्टी की प्रकृति के अनुसार उपयुक्त फसल किस्मों का चयन करें और सभी आवश्यक इनपुट्स तैयार रखें। सूखी मिट्टी में बुवाई से बचें और केवल जब खेत में पर्याप्त नमी हो तभी बुवाई करें।","Farmers in Nandyal should wait for the monsoon rains before starting sowing operations. In the meantime, focus on completing land preparation and collecting all necessary inputs such as seeds, fertilizers, and pesticides. This will ensure that sowing can begin as soon as the rains arrive, without any delays.","नांदेडल में किसानों को मानसून की वर्षा का इंतजार करना चाहिए, उसके बाद ही बुवाई शुरू करें। इस दौरान, भूमि की तैयारी पूरी करें और सभी आवश्यक इनपुट जैसे बीज, उर्वरक और कीटनाशक पहले से इकट्ठा कर लें। इससे यह सुनिश्चित होगा कि वर्षा के बाद बुवाई समय पर शुरू हो सकेगी, बिना किसी देरी के।"
Karnataka,Dharwad,6/16/2025,6/22/2025,"In Dharwad, cleaning and land preparation activities are currently in progress. Farmers are advised to continue field preparation operations such as ploughing, removal of crop residues, and leveling. Application of organic manure like FYM can be carried out at this stage. Ensure seed treatment is planned in advance and inputs are ready for sowing once sufficient rainfall is received.","धारवाड़ में सफाई और भूमि की तैयारी का कार्य प्रगति पर है। किसानों को सलाह दी जाती है कि वे जुताई, फसल अवशेषों की सफाई और खेत समतलीकरण जैसे भूमि तैयार करने के कार्य जारी रखें। इस चरण में गोबर की खाद (FYM) जैसे जैविक खाद का उपयोग किया जा सकता है। बीज उपचार की योजना पहले से बनाएं और जैसे ही पर्याप्त वर्षा हो, बुवाई के लिए इनपुट्स तैयार रखें।","In Dharwad, sow Okra every 20 rows of cotton to manage shoot weevil infestations effectively. Farmers should proceed with sowing only when sufficient rainfall has been received. Ensure that all necessary inputs like seeds, fertilizers, and pesticides are ready for timely sowing.","धारवाड़ में, शूट वीविल को नियंत्रित करने के लिए कपास की हर 20 पंक्तियों के बीच भिंडी (ओकड़ा) की बुवाई करें। किसान केवल तब ही बुवाई करें जब पर्याप्त वर्षा हो चुकी हो। यह सुनिश्चित करें कि बीज, उर्वरक और कीटनाशक जैसे सभी आवश्यक इनपुट समय पर बुवाई के लिए तैयार हों।"
Karnataka,Haveri,6/16/2025,6/22/2025,"Crop-specific conditions are not mentioned in the latest advisory for Haveri. Farmers should continue with regular crop care activities ensure timely irrigation, keep fields free from weeds, and monitor closely for early signs of pests or diseases. Follow agronomic recommendations suitable for the current crop growth stage and prevailing weather conditions.","हावेरी के लिए ताज़ा सलाह में किसी विशेष फसल की स्थिति का उल्लेख नहीं किया गया है। किसान नियमित फसल देखभाल कार्य करें—समय पर सिंचाई करें, खेत को खरपतवार-मुक्त रखें, और कीट या रोगों के प्रारंभिक लक्षणों की सतर्क निगरानी करें। फसल की वर्तमान वृद्धि अवस्था और मौजूदा मौसम के अनुसार कृषि तकनीकों का पालन करें।","In Haveri, prepare the land in advance and plan for intercrops such as Okra. Ensure that the soil has adequate moisture before starting sowing operations. Proceed with sowing once sufficient rainfall has been received to support healthy crop growth.","हावेरी में, भूमि की पूर्व तैयारी करें और भिंडी जैसी अंतरवर्तीय फसलों की योजना बनाएं। बुवाई शुरू करने से पहले यह सुनिश्चित करें कि मिट्टी में पर्याप्त नमी हो। स्वस्थ फसल की वृद्धि के लिए पर्याप्त वर्षा होने पर ही बुवाई करें।"
Karnataka,Mysore,6/16/2025,6/22/2025,"Crop-specific conditions are not mentioned in the latest advisory for Mysore. Farmers are advised to continue with standard crop care practices ensure timely irrigation, keep fields clean and free from weeds, and regularly monitor for any signs of pest or disease. Follow agronomic recommendations appropriate to the crop’s current growth stage and the local weather conditions.","मैसूर के लिए ताज़ा सलाह में किसी विशेष फसल की स्थिति का उल्लेख नहीं किया गया है। किसानों को नियमित फसल देखभाल कार्य करने की सलाह दी जाती है—समय पर सिंचाई करें, खेत को साफ और खरपतवार-मुक्त रखें, और कीट या रोगों के किसी भी लक्षण की नियमित निगरानी करें। फसल की वर्तमान वृद्धि अवस्था और स्थानीय मौसम के अनुसार कृषि तकनीकों का पालन करें।","In Mysore, prepare the land and arrange necessary inputs in advance. Wait for adequate rainfall before starting sowing operations. Sowing should be done only when sufficient moisture is available to ensure optimal crop growth.","मैसूर में, भूमि की तैयारी करें और आवश्यक सामग्री पहले ही इकट्ठा कर लें। बुवाई शुरू करने से पहले पर्याप्त वर्षा का इंतजार करें। बुवाई तभी करें जब पर्याप्त नमी उपलब्ध हो, ताकि फसल की वृद्धि अच्छे से हो सके।"
Karnataka,Chamrajanagar,6/16/2025,6/22/2025,"In Chamarajanagar, the crop is currently 30–45 days old and in the vegetative stage. Farmers are carrying out weeding and top dressing of urea. Incidences of jassids and aphids have been observed. Farmers are advised to continue timely weeding, ensure proper nutrient management, and closely monitor pest levels. If pest incidence crosses the economic threshold level (ETL), apply recommended insecticides as per local agricultural department guidelines.","चामराजनगर में फसल वर्तमान में 30–45 दिन की है और वनस्पतिक अवस्था में है। किसान इस समय निराई और यूरिया की ऊपर से खाद दे रहे हैं। जेसिड और एफिड (माहू) के प्रकोप देखे गए हैं। किसानों को सलाह दी जाती है कि वे समय पर निराई करते रहें, पोषक तत्वों का सही प्रबंधन करें और कीटों की निगरानी नियमित रूप से करें। यदि कीटों का प्रकोप आर्थिक क्षति स्तर (ETL) से अधिक हो, तो स्थानीय कृषि विभाग की सिफारिशों के अनुसार उचित कीटनाशक का छिड़काव करें।","In Chamrajanagar, install yellow sticky traps to effectively manage aphids and jassids. Continue inter-cultivation and earthing up as part of regular field management. Monitor pests regularly, and only apply insecticides if the pest population exceeds the Economic Threshold Level (ETL).","चमराजनगर में, एफिड्स और जैसिड्स के नियंत्रण के लिए येलो स्टिकी ट्रैप्स लगाएं। नियमित खेत प्रबंधन के तहत अंतर-खेत शोधन और माउंडिंग जारी रखें। कीड़ों की नियमित निगरानी करें और केवल तब ही कीटनाशक का उपयोग करें जब कीटों की संख्या आर्थिक सीमा (ETL) को पार कर जाए।"
Tamil Nadu,Perambalur,6/16/2025,6/22/2025,"In Perambalur, field preparation activities are currently underway. Farmers are advised to continue ploughing, removal of previous crop residues, and leveling of fields. Application of organic manure like farmyard manure (FYM) or compost can be done during this stage. Prepare seeds and other inputs in advance and plan sowing based on the onset of sufficient rainfall.","पेरम्बलूर में खेत की तैयारी का कार्य प्रगति पर है। किसानों को सलाह दी जाती है कि वे जुताई, पिछले फसल अवशेषों की सफाई और खेत समतलीकरण जैसे कार्य जारी रखें। इस चरण में गोबर की खाद (FYM) या कम्पोस्ट जैसे जैविक खाद का प्रयोग किया जा सकता है। बीज और अन्य इनपुट्स पहले से तैयार रखें और पर्याप्त वर्षा के आगमन के अनुसार बुवाई की योजना बनाएं।",Farmers in Perambalur should continue with land preparation and ensure that sowing is done on time once adequate rainfall is received. Keep inputs ready to facilitate timely planting.,परम्बलुर में किसानों को भूमि की तैयारी जारी रखनी चाहिए और पर्याप्त वर्षा होने पर समय पर बुवाई सुनिश्चित करनी चाहिए। समय पर बुवाई के लिए सभी आवश्यक सामग्री पहले से तैयार रखें।
Tamil Nadu,Salem,6/16/2025,6/22/2025,"In Salem, field preparation is currently in progress. Farmers are advised to continue ploughing, clearing crop residues, and leveling the land. Application of organic manure such as farmyard manure (FYM) can be done at this stage to improve soil fertility. Ensure timely seed procurement, carry out seed treatment, and get inputs ready for sowing once adequate rainfall is received.","सेलम में खेत की तैयारी का कार्य जारी है। किसानों को सलाह दी जाती है कि वे जुताई, फसल अवशेषों की सफाई और खेत समतलीकरण जैसे कार्य करें। इस चरण में मिट्टी की उर्वरता बढ़ाने के लिए गोबर की खाद (FYM) का प्रयोग किया जा सकता है। समय पर बीज की व्यवस्था करें, बीज उपचार करें और जैसे ही पर्याप्त वर्षा हो, बुवाई के लिए इनपुट्स तैयार रखें।",Farmers in Salem should prepare inputs in advance and monitor soil moisture levels closely. Avoid sowing until adequate rainfall occurs to ensure optimal conditions for crop growth.,"सलेम में किसानों को पहले से आवश्यक सामग्री तैयार रखनी चाहिए और मिट्टी में नमी के स्तर की निगरानी करनी चाहिए। उचित वर्षा होने तक बुवाई से बचें, ताकि फसल उगने के लिए सर्वोत्तम परिस्थितियाँ सुनिश्चित हो सकें।"
Tamil Nadu,Trichy,6/16/2025,6/22/2025,"In Trichy, field preparation activities are currently in progress. Farmers are advised to continue ploughing, removal of old crop residues, and leveling of land. Application of organic manures like FYM or compost is recommended at this stage to enrich soil fertility. Prepare seeds and inputs in advance and plan sowing based on the arrival of sufficient and consistent rainfall.","तिरुचिरापल्ली (त्रिची) में खेत की तैयारी का कार्य प्रगति पर है। किसानों को सलाह दी जाती है कि वे जुताई, पुराने फसल अवशेषों की सफाई और खेत समतलीकरण जैसे कार्य जारी रखें। इस चरण में मिट्टी की उर्वरता बढ़ाने के लिए गोबर की खाद (FYM) या कम्पोस्ट का उपयोग करना लाभकारी रहेगा। बीज और इनपुट्स पहले से तैयार रखें और पर्याप्त एवं नियमित वर्षा के अनुसार बुवाई की योजना बनाएं।",Farmers in Trichy should complete field preparation and plan for sowing after receiving sufficient moisture. Ensure all inputs are ready for a timely sowing schedule once the necessary rainfall occurs.,तिरुचि में किसानों को खेत की तैयारी पूरी करनी चाहिए और पर्याप्त नमी मिलने के बाद बुवाई की योजना बनानी चाहिए। आवश्यक वर्षा होने पर समय पर बुवाई के लिए सभी सामग्री तैयार रखें।
Tamil Nadu,Virudhunagar,6/16/2025,6/22/2025,"In Virudhunagar, field preparation is currently ongoing. Farmers are advised to continue primary tillage, remove crop residues, and level the fields. Application of organic manure like FYM or compost can be done at this stage to enhance soil health. Prepare quality seeds and other inputs in advance and plan sowing based on adequate and consistent rainfall.","विरुधुनगर में खेत की तैयारी का कार्य प्रगति पर है। किसानों को सलाह दी जाती है कि वे प्रारंभिक जुताई, फसल अवशेषों की सफाई और खेत समतलीकरण का कार्य जारी रखें। इस चरण में मिट्टी की सेहत सुधारने के लिए गोबर की खाद (FYM) या कम्पोस्ट का उपयोग किया जा सकता है। अच्छे गुणवत्ता वाले बीज और अन्य इनपुट्स पहले से तैयार रखें और पर्याप्त तथा नियमित वर्षा के अनुसार बुवाई की योजना बनाएं।",Farmers in Virudhunagar should ensure timely land preparation and arrange all necessary inputs in advance. Wait for sufficient rainfall before beginning sowing to ensure optimal crop growth.,विरुधुनगर में किसानों को समय पर खेत की तैयारी करनी चाहिए और सभी आवश्यक सामग्रियों को पहले से तैयार रखना चाहिए। बुवाई शुरू करने से पहले पर्याप्त वर्षा का इंतजार करें ताकि फसल का बेहतर विकास हो सके।
